,code,date,close,close5
644311,085910,2017-01-09,5180,5150.0
644312,085910,2017-01-10,5150,5140.0
644313,085910,2017-01-11,5160,5130.0
644314,085910,2017-01-12,5130,5150.0
644315,085910,2017-01-13,5140,5180.0
644316,085910,2017-01-16,5140,5180.0
644317,085910,2017-01-17,5130,5150.0
644318,085910,2017-01-18,5140,5160.0
644319,085910,2017-01-19,5110,5130.0
644320,085910,2017-01-20,5110,5140.0
644321,085910,2017-01-23,5120,5140.0
644322,085910,2017-01-24,5120,5130.0
644323,085910,2017-01-25,5140,5140.0
644324,085910,2017-01-26,5140,5110.0
644325,085910,2017-01-31,5120,5110.0
644326,085910,2017-02-01,5120,5120.0
644327,085910,2017-02-02,5270,5120.0
644328,085910,2017-02-03,5170,5140.0
644329,085910,2017-02-06,5260,5140.0
644330,085910,2017-02-07,5310,5120.0
644331,085910,2017-02-08,5280,5120.0
644332,085910,2017-02-09,5350,5270.0
644333,085910,2017-02-10,5350,5170.0
644334,085910,2017-02-13,5370,5260.0
644335,085910,2017-02-14,5300,5310.0
644336,085910,2017-02-15,5350,5280.0
644337,085910,2017-02-16,5380,5350.0
644338,085910,2017-02-17,5410,5350.0
644339,085910,2017-02-20,5340,5370.0
644340,085910,2017-02-21,5340,5300.0
644341,085910,2017-02-22,5360,5350.0
644342,085910,2017-02-23,5300,5380.0
644343,085910,2017-02-24,5300,5410.0
644344,085910,2017-02-27,5140,5340.0
644345,085910,2017-02-28,5130,5340.0
644346,085910,2017-03-02,5120,5360.0
644347,085910,2017-03-03,5040,5300.0
644348,085910,2017-03-06,5080,5300.0
644349,085910,2017-03-07,5100,5140.0
644350,085910,2017-03-08,5080,5130.0
644351,085910,2017-03-09,5080,5120.0
644352,085910,2017-03-10,5100,5040.0
644353,085910,2017-03-13,5100,5080.0
644354,085910,2017-03-14,5120,5100.0
644355,085910,2017-03-15,5120,5080.0
644356,085910,2017-03-16,5140,5080.0
644357,085910,2017-03-17,5140,5100.0
644358,085910,2017-03-20,5080,5100.0
644359,085910,2017-03-21,5160,5120.0
644360,085910,2017-03-22,5120,5120.0
644361,085910,2017-03-23,5150,5140.0
644362,085910,2017-03-24,5130,5140.0
644363,085910,2017-03-27,5120,5080.0
644364,085910,2017-03-28,5110,5160.0
644365,085910,2017-03-29,5130,5120.0
644366,085910,2017-03-30,5140,5150.0
644367,085910,2017-03-31,5160,5130.0
644368,085910,2017-04-03,5200,5120.0
644369,085910,2017-04-04,5230,5110.0
644370,085910,2017-04-05,5250,5130.0
644371,085910,2017-04-06,5360,5140.0
644372,085910,2017-04-07,5350,5160.0
644373,085910,2017-04-10,5250,5200.0
644374,085910,2017-04-11,5210,5230.0
644375,085910,2017-04-12,5220,5250.0
644376,085910,2017-04-13,5220,5360.0
644377,085910,2017-04-14,5200,5350.0
644378,085910,2017-04-17,5160,5250.0
644379,085910,2017-04-18,5180,5210.0
644380,085910,2017-04-19,5150,5220.0
644381,085910,2017-04-20,5140,5220.0
644382,085910,2017-04-21,5180,5200.0
644383,085910,2017-04-24,5180,5160.0
644384,085910,2017-04-25,5200,5180.0
644385,085910,2017-04-26,5190,5150.0
644386,085910,2017-04-27,5190,5140.0
644387,085910,2017-04-28,5210,5180.0
644388,085910,2017-05-02,5190,5180.0
644389,085910,2017-05-04,5190,5200.0
644390,085910,2017-05-08,5220,5190.0
644391,085910,2017-05-10,5250,5190.0
644392,085910,2017-05-11,5260,5210.0
644393,085910,2017-05-12,5250,5190.0
644394,085910,2017-05-15,5190,5190.0
644395,085910,2017-05-16,5130,5220.0
644396,085910,2017-05-17,5160,5250.0
644397,085910,2017-05-18,5160,5260.0
644398,085910,2017-05-19,5160,5250.0
644399,085910,2017-05-22,5170,5190.0
644400,085910,2017-05-23,5150,5130.0
644401,085910,2017-05-24,5150,5160.0
644402,085910,2017-05-25,5130,5160.0
644403,085910,2017-05-26,5100,5160.0
644404,085910,2017-05-29,5140,5170.0
644405,085910,2017-05-30,5130,5150.0
644406,085910,2017-05-31,5140,5150.0
644407,085910,2017-06-01,5130,5130.0
644408,085910,2017-06-02,5120,5100.0
644409,085910,2017-06-05,5140,5140.0
644410,085910,2017-06-07,5150,5130.0
644411,085910,2017-06-08,5160,5140.0
644412,085910,2017-06-09,5170,5130.0
644413,085910,2017-06-12,5160,5120.0
644414,085910,2017-06-13,5200,5140.0
644415,085910,2017-06-14,5270,5150.0
644416,085910,2017-06-15,5230,5160.0
644417,085910,2017-06-16,5270,5170.0
644418,085910,2017-06-19,5250,5160.0
644419,085910,2017-06-20,5270,5200.0
644420,085910,2017-06-21,5280,5270.0
644421,085910,2017-06-22,5300,5230.0
644422,085910,2017-06-23,5290,5270.0
644423,085910,2017-06-26,5270,5250.0
644424,085910,2017-06-27,5250,5270.0
644425,085910,2017-06-28,5240,5280.0
644426,085910,2017-06-29,5170,5300.0
644427,085910,2017-06-30,5170,5290.0
644428,085910,2017-07-03,5100,5270.0
644429,085910,2017-07-04,5070,5250.0
644430,085910,2017-07-05,5120,5240.0
644431,085910,2017-07-06,5070,5170.0
644432,085910,2017-07-07,5050,5170.0
644433,085910,2017-07-10,5010,5100.0
644434,085910,2017-07-11,5030,5070.0
644435,085910,2017-07-12,4885,5120.0
644436,085910,2017-07-13,4910,5070.0
644437,085910,2017-07-14,4905,5050.0
644438,085910,2017-07-17,4920,5010.0
644439,085910,2017-07-18,4910,5030.0
644440,085910,2017-07-19,4910,4885.0
644441,085910,2017-07-20,4915,4910.0
644442,085910,2017-07-21,4925,4905.0
644443,085910,2017-07-24,4925,4920.0
644444,085910,2017-07-25,4930,4910.0
644445,085910,2017-07-26,4960,4910.0
644446,085910,2017-07-27,4970,4915.0
644447,085910,2017-07-28,4985,4925.0
644448,085910,2017-07-31,4995,4925.0
644449,085910,2017-08-01,5030,4930.0
644450,085910,2017-08-02,5010,4960.0
644451,085910,2017-08-03,4995,4970.0
644452,085910,2017-08-04,4995,4985.0
644453,085910,2017-08-07,5000,4995.0
644454,085910,2017-08-08,4980,5030.0
644455,085910,2017-08-09,4950,5010.0
644456,085910,2017-08-10,4930,4995.0
644457,085910,2017-08-11,4850,4995.0
644458,085910,2017-08-14,4795,5000.0
644459,085910,2017-08-16,4700,4980.0
644460,085910,2017-08-17,4665,4950.0
644461,085910,2017-08-18,4555,4930.0
644462,085910,2017-08-21,4575,4850.0
644463,085910,2017-08-22,4625,4795.0
644464,085910,2017-08-23,4560,4700.0
644465,085910,2017-08-24,4570,4665.0
644466,085910,2017-08-25,4550,4555.0
644467,085910,2017-08-28,4540,4575.0
644468,085910,2017-08-29,4460,4625.0
644469,085910,2017-08-30,4415,4560.0
644470,085910,2017-08-31,4290,4570.0
644471,085910,2017-09-01,4265,4550.0
644472,085910,2017-09-04,4295,4540.0
644473,085910,2017-09-05,4130,4460.0
644474,085910,2017-09-06,3940,4415.0
644475,085910,2017-09-07,3950,4290.0
644476,085910,2017-09-08,4000,4265.0
644477,085910,2017-09-11,4040,4295.0
644478,085910,2017-09-12,4040,4130.0
644479,085910,2017-09-13,4115,3940.0
644480,085910,2017-09-14,4140,3950.0
644481,085910,2017-09-15,4135,4000.0
644482,085910,2017-09-18,4035,4040.0
644483,085910,2017-09-19,4050,4040.0
644484,085910,2017-09-20,4060,4115.0
644485,085910,2017-09-21,4060,4140.0
644486,085910,2017-09-22,4140,4135.0
644487,085910,2017-09-25,4150,4035.0
644488,085910,2017-09-26,4220,4050.0
644489,085910,2017-09-27,4270,4060.0
644490,085910,2017-09-28,4340,4060.0
644491,085910,2017-09-29,4320,4140.0
644492,085910,2017-10-10,4300,4150.0
644493,085910,2017-10-11,4310,4220.0
644494,085910,2017-10-12,4345,4270.0
644495,085910,2017-10-13,4355,4340.0
644496,085910,2017-10-16,4365,4320.0
644497,085910,2017-10-17,4375,4300.0
644498,085910,2017-10-18,4375,4310.0
644499,085910,2017-10-19,4400,4345.0
644500,085910,2017-10-20,4425,4355.0
644501,085910,2017-10-23,4460,4365.0
644502,085910,2017-10-24,4500,4375.0
644503,085910,2017-10-25,4540,4375.0
644504,085910,2017-10-26,4610,4400.0
644505,085910,2017-10-27,4545,4425.0
644506,085910,2017-10-30,4585,4460.0
644507,085910,2017-10-31,4630,4500.0
644508,085910,2017-11-01,4675,4540.0
644509,085910,2017-11-02,4665,4610.0
644510,085910,2017-11-03,4645,4545.0
644511,085910,2017-11-06,4620,4585.0
644512,085910,2017-11-07,4645,4630.0
644513,085910,2017-11-08,4640,4675.0
644514,085910,2017-11-09,4700,4665.0
644515,085910,2017-11-10,4695,4645.0
644516,085910,2017-11-13,4695,4620.0
644517,085910,2017-11-14,4640,4645.0
644518,085910,2017-11-15,4655,4640.0
644519,085910,2017-11-16,4700,4700.0
644520,085910,2017-11-17,4685,4695.0
644521,085910,2017-11-20,4770,4695.0
644522,085910,2017-11-21,4790,4640.0
644523,085910,2017-11-22,4790,4655.0
644524,085910,2017-11-23,4805,4700.0
644525,085910,2017-11-24,4900,4685.0
644526,085910,2017-11-27,4885,4770.0
644527,085910,2017-11-28,4890,4790.0
644528,085910,2017-11-29,4860,4790.0
644529,085910,2017-11-30,4845,4805.0
644530,085910,2017-12-01,4780,4900.0
644531,085910,2017-12-04,4765,4885.0
644532,085910,2017-12-05,4780,4890.0
644533,085910,2017-12-06,4785,4860.0
644534,085910,2017-12-07,4730,4845.0
644535,085910,2017-12-08,4785,4780.0
644536,085910,2017-12-11,4730,4765.0
644537,085910,2017-12-12,4625,4780.0
644538,085910,2017-12-13,4670,4785.0
644539,085910,2017-12-14,4680,4730.0
644540,085910,2017-12-15,4700,4785.0
644541,085910,2017-12-18,4700,4730.0
644542,085910,2017-12-19,4705,4625.0
644543,085910,2017-12-20,4695,4670.0
644544,085910,2017-12-21,4625,4680.0
644545,085910,2017-12-22,4800,4700.0
644546,085910,2017-12-26,4900,4700.0
644547,085910,2017-12-27,4920,4705.0
644548,085910,2017-12-28,4950,4695.0
644549,085910,2018-01-02,4900,4625.0
644550,085910,2018-01-03,4810,4800.0
644551,085910,2018-01-04,4890,4900.0
644552,085910,2018-01-05,4910,4920.0
644553,085910,2018-01-08,4800,4950.0
644554,085910,2018-01-09,4805,4900.0
644555,085910,2018-01-10,4810,4810.0
644556,085910,2018-01-11,4815,4890.0
644557,085910,2018-01-12,4790,4910.0
644558,085910,2018-01-15,4690,4800.0
644559,085910,2018-01-16,4650,4805.0
644560,085910,2018-01-17,4560,4810.0
644561,085910,2018-01-18,4470,4815.0
644562,085910,2018-01-19,4540,4790.0
644563,085910,2018-01-22,4490,4690.0
644564,085910,2018-01-23,4490,4650.0
644565,085910,2018-01-24,4575,4560.0
644566,085910,2018-01-25,4595,4470.0
644567,085910,2018-01-26,4600,4540.0
644568,085910,2018-01-29,4700,4490.0
644569,085910,2018-01-30,4695,4490.0
644570,085910,2018-01-31,4830,4575.0
644571,085910,2018-02-01,4770,4595.0
644572,085910,2018-02-02,4735,4600.0
644573,085910,2018-02-05,4600,4700.0
644574,085910,2018-02-06,4590,4695.0
644575,085910,2018-02-07,4535,4830.0
644576,085910,2018-02-08,4670,4770.0
644577,085910,2018-02-09,4705,4735.0
644578,085910,2018-02-12,4675,4600.0
644579,085910,2018-02-13,4640,4590.0
644580,085910,2018-02-14,4570,4535.0
644581,085910,2018-02-19,4590,4670.0
644582,085910,2018-02-20,4555,4705.0
644583,085910,2018-02-21,4610,4675.0
644584,085910,2018-02-22,4605,4640.0
644585,085910,2018-02-23,4560,4570.0
644586,085910,2018-02-26,4540,4590.0
644587,085910,2018-02-27,4490,4555.0
644588,085910,2018-02-28,4485,4610.0
644589,085910,2018-03-02,4465,4605.0
644590,085910,2018-03-05,4315,4560.0
644591,085910,2018-03-06,4295,4540.0
644592,085910,2018-03-07,4335,4490.0
644593,085910,2018-03-08,4360,4485.0
644594,085910,2018-03-09,4360,4465.0
644595,085910,2018-03-12,4445,4315.0
644596,085910,2018-03-13,4485,4295.0
644597,085910,2018-03-14,4470,4335.0
644598,085910,2018-03-15,4510,4360.0
644599,085910,2018-03-16,4530,4360.0
644600,085910,2018-03-19,4540,4445.0
644601,085910,2018-03-20,4530,4485.0
644602,085910,2018-03-21,4495,4470.0
644603,085910,2018-03-22,4470,4510.0
644604,085910,2018-03-23,4410,4530.0
644605,085910,2018-03-26,4400,4540.0
644606,085910,2018-03-27,4405,4530.0
644607,085910,2018-03-28,4405,4495.0
644608,085910,2018-03-29,4385,4470.0
644609,085910,2018-03-30,4400,4410.0
644610,085910,2018-04-02,4390,4400.0
644611,085910,2018-04-03,4315,4405.0
644612,085910,2018-04-04,4325,4405.0
644613,085910,2018-04-05,4310,4385.0
644614,085910,2018-04-06,4250,4400.0
644615,085910,2018-04-09,4260,4390.0
644616,085910,2018-04-10,4200,4315.0
644617,085910,2018-04-11,4185,4325.0
644618,085910,2018-04-12,4195,4310.0
644619,085910,2018-04-13,4255,4250.0
644620,085910,2018-04-16,4255,4260.0
644621,085910,2018-04-17,4300,4200.0
644622,085910,2018-04-18,4300,4185.0
644623,085910,2018-04-19,4275,4195.0
644624,085910,2018-04-20,4275,4255.0
644625,085910,2018-04-23,4300,4255.0
644626,085910,2018-04-24,4315,4300.0
644627,085910,2018-04-25,4270,4300.0
644628,085910,2018-04-26,4300,4275.0
644629,085910,2018-04-27,4345,4275.0
644630,085910,2018-04-30,4425,4300.0
644631,085910,2018-05-02,4445,4315.0
644632,085910,2018-05-03,4495,4270.0
644633,085910,2018-05-04,4485,4300.0
644634,085910,2018-05-08,4475,4345.0
644635,085910,2018-05-09,4450,4425.0
644636,085910,2018-05-10,4445,4445.0
644637,085910,2018-05-11,4445,4495.0
644638,085910,2018-05-14,4445,4485.0
644639,085910,2018-05-15,4380,4475.0
644640,085910,2018-05-16,4270,4450.0
644641,085910,2018-05-17,4300,4445.0
644642,085910,2018-05-18,4305,4445.0
644643,085910,2018-05-21,4270,4445.0
644644,085910,2018-05-23,4295,4380.0
644645,085910,2018-05-24,4310,4270.0
644646,085910,2018-05-25,4285,4300.0
644647,085910,2018-05-28,4280,4305.0
644648,085910,2018-05-29,4300,4270.0
644649,085910,2018-05-30,4250,4295.0
644650,085910,2018-05-31,4300,4310.0
644651,085910,2018-06-01,4305,4285.0
644652,085910,2018-06-04,4325,4280.0
644653,085910,2018-06-05,4305,4300.0
644654,085910,2018-06-07,4315,4250.0
644655,085910,2018-06-08,4295,4300.0
644656,085910,2018-06-11,4255,4305.0
644657,085910,2018-06-12,4280,4325.0
644658,085910,2018-06-14,4280,4305.0
644659,085910,2018-06-15,4235,4315.0
644660,085910,2018-06-18,4230,4295.0
644661,085910,2018-06-19,4200,4255.0
644662,085910,2018-06-20,4270,4280.0
644663,085910,2018-06-21,4200,4280.0
644664,085910,2018-06-22,4180,4235.0
644665,085910,2018-06-25,4225,4230.0
644666,085910,2018-06-26,4225,4200.0
644667,085910,2018-06-27,4195,4270.0
644668,085910,2018-06-28,4190,4200.0
644669,085910,2018-06-29,4130,4180.0
644670,085910,2018-07-02,3940,4225.0
644671,085910,2018-07-03,3925,4225.0
644672,085910,2018-07-04,3940,4195.0
644673,085910,2018-07-05,3965,4190.0
644674,085910,2018-07-06,3985,4130.0
644675,085910,2018-07-09,3995,3940.0
644676,085910,2018-07-10,4000,3925.0
644677,085910,2018-07-11,4000,3940.0
644678,085910,2018-07-12,4000,3965.0
644679,085910,2018-07-13,4020,3985.0
644680,085910,2018-07-16,4025,3995.0
644681,085910,2018-07-17,4020,4000.0
644682,085910,2018-07-18,3950,4000.0
644683,085910,2018-07-19,3985,4000.0
644684,085910,2018-07-20,3990,4020.0
644685,085910,2018-07-23,3945,4025.0
644686,085910,2018-07-24,3945,4020.0
644687,085910,2018-07-25,3980,3950.0
644688,085910,2018-07-26,3985,3985.0
644689,085910,2018-07-27,3995,3990.0
644690,085910,2018-07-30,3940,3945.0
644691,085910,2018-07-31,3945,3945.0
644692,085910,2018-08-01,3970,3980.0
644693,085910,2018-08-02,3935,3985.0
644694,085910,2018-08-03,3945,3995.0
644695,085910,2018-08-06,3885,3940.0
644696,085910,2018-08-07,3935,3945.0
644697,085910,2018-08-08,3920,3970.0
644698,085910,2018-08-09,3935,3935.0
644699,085910,2018-08-10,3945,3945.0
644700,085910,2018-08-13,3805,3885.0
644701,085910,2018-08-14,3835,3935.0
644702,085910,2018-08-16,3935,3920.0
644703,085910,2018-08-17,3960,3935.0
644704,085910,2018-08-20,3990,3945.0
644705,085910,2018-08-21,3960,3805.0
644706,085910,2018-08-22,3980,3835.0
644707,085910,2018-08-23,3995,3935.0
644708,085910,2018-08-24,3995,3960.0
644709,085910,2018-08-27,4010,3990.0
644710,085910,2018-08-28,4010,3960.0
644711,085910,2018-08-29,4010,3980.0
644712,085910,2018-08-30,4015,3995.0
644713,085910,2018-08-31,4080,3995.0
644714,085910,2018-09-03,4220,4010.0
644715,085910,2018-09-04,4315,4010.0
644716,085910,2018-09-05,4325,4010.0
644717,085910,2018-09-06,4310,4015.0
644718,085910,2018-09-07,4310,4080.0
644719,085910,2018-09-10,4285,4220.0
644720,085910,2018-09-11,4300,4315.0
644721,085910,2018-09-12,4290,4325.0
644722,085910,2018-09-13,4300,4310.0
644723,085910,2018-09-14,4305,4310.0
644724,085910,2018-09-17,4325,4285.0
644725,085910,2018-09-18,4350,4300.0
644726,085910,2018-09-19,4380,4290.0
644727,085910,2018-09-20,4400,4300.0
644728,085910,2018-09-21,4460,4305.0
644729,085910,2018-09-27,4465,4325.0
644730,085910,2018-09-28,4500,4350.0
644731,085910,2018-10-01,4620,4380.0
644732,085910,2018-10-02,4500,4400.0
644733,085910,2018-10-04,4440,4460.0
644734,085910,2018-10-05,4415,4465.0
644735,085910,2018-10-08,4340,4500.0
644736,085910,2018-10-10,4195,4620.0
644737,085910,2018-10-11,3995,4500.0
644738,085910,2018-10-12,3955,4440.0
644739,085910,2018-10-15,3940,4415.0
644740,085910,2018-10-16,3940,4340.0
644741,085910,2018-10-17,3995,4195.0
644742,085910,2018-10-18,3990,3995.0
644743,085910,2018-10-19,3990,3955.0
644744,085910,2018-10-22,4000,3940.0
644745,085910,2018-10-23,3965,3940.0
644746,085910,2018-10-24,3885,3995.0
644747,085910,2018-10-25,3790,3990.0
644748,085910,2018-10-26,3560,3990.0
644749,085910,2018-10-29,3475,4000.0
644750,085910,2018-10-30,3640,3965.0
644751,085910,2018-10-31,3665,3885.0
644752,085910,2018-11-01,3810,3790.0
644753,085910,2018-11-02,3860,3560.0
644754,085910,2018-11-05,3800,3475.0
644755,085910,2018-11-06,3740,3640.0
644756,085910,2018-11-07,3790,3665.0
644757,085910,2018-11-08,3800,3810.0
644758,085910,2018-11-09,3835,3860.0
644759,085910,2018-11-12,3805,3800.0
644760,085910,2018-11-13,3740,3740.0
644761,085910,2018-11-14,3775,3790.0
644762,085910,2018-11-15,3785,3800.0
644763,085910,2018-11-16,3845,3835.0
644764,085910,2018-11-19,3950,3805.0
644765,085910,2018-11-20,3950,3740.0
644766,085910,2018-11-21,3950,3775.0
644767,085910,2018-11-22,3860,3785.0
644768,085910,2018-11-23,3885,3845.0
644769,085910,2018-11-26,3885,3950.0
644770,085910,2018-11-27,3875,3950.0
644771,085910,2018-11-28,3830,3950.0
644772,085910,2018-11-29,3855,3860.0
644773,085910,2018-11-30,3855,3885.0
644774,085910,2018-12-03,3890,3885.0
644775,085910,2018-12-04,3995,3875.0
644776,085910,2018-12-05,4125,3830.0
644777,085910,2018-12-06,4080,3855.0
644778,085910,2018-12-07,4230,3855.0
644779,085910,2018-12-10,4125,3890.0
644780,085910,2018-12-11,4270,3995.0
644781,085910,2018-12-12,4265,4125.0
644782,085910,2018-12-13,4240,4080.0
644783,085910,2018-12-14,4330,4230.0
644784,085910,2018-12-17,4265,4125.0
644785,085910,2018-12-18,4290,4270.0
644786,085910,2018-12-19,4395,4265.0
644787,085910,2018-12-20,4370,4240.0
644788,085910,2018-12-21,4415,4330.0
644789,085910,2018-12-24,4425,4265.0
644790,085910,2018-12-26,4440,4290.0
644791,085910,2018-12-27,4165,4395.0
644792,085910,2018-12-28,4250,4370.0
644793,085910,2019-01-02,4200,4415.0
644794,085910,2019-01-03,4050,4425.0
644795,085910,2019-01-04,4060,4440.0
644796,085910,2019-01-07,4115,4165.0
644797,085910,2019-01-08,4060,4250.0
644798,085910,2019-01-09,4045,4200.0
644799,085910,2019-01-10,4280,4050.0
644800,085910,2019-01-11,4180,4060.0
644801,085910,2019-01-14,4160,4115.0
644802,085910,2019-01-15,4190,4060.0
644803,085910,2019-01-16,4210,4045.0
644804,085910,2019-01-17,4175,4280.0
644805,085910,2019-01-18,4145,4180.0
644806,085910,2019-01-21,4135,4160.0
644807,085910,2019-01-22,4175,4190.0
644808,085910,2019-01-23,4160,4210.0
644809,085910,2019-01-24,4150,4175.0
644810,085910,2019-01-25,4160,4145.0
644811,085910,2019-01-28,4145,4135.0
644812,085910,2019-01-29,4170,4175.0
644813,085910,2019-01-30,4090,4160.0
644814,085910,2019-01-31,4120,4150.0
644815,085910,2019-02-01,4095,4160.0
644816,085910,2019-02-07,4075,4145.0
644817,085910,2019-02-08,4130,4170.0
644818,085910,2019-02-11,4115,4090.0
644819,085910,2019-02-12,4080,4120.0
644820,085910,2019-02-13,3995,4095.0
644821,085910,2019-02-14,4000,4075.0
644822,085910,2019-02-15,4000,4130.0
644823,085910,2019-02-18,4180,4115.0
644824,085910,2019-02-19,4260,4080.0
644825,085910,2019-02-20,4220,3995.0
644826,085910,2019-02-21,4280,4000.0
644827,085910,2019-02-22,4330,4000.0
644828,085910,2019-02-25,4370,4180.0
644829,085910,2019-02-26,4370,4260.0
644830,085910,2019-02-27,4335,4220.0
644831,085910,2019-02-28,4300,4280.0
644832,085910,2019-03-04,4330,4330.0
644833,085910,2019-03-05,4315,4370.0
644834,085910,2019-03-06,4285,4370.0
644835,085910,2019-03-07,4150,4335.0
644836,085910,2019-03-08,4100,4300.0
644837,085910,2019-03-11,4125,4330.0
644838,085910,2019-03-12,4185,4315.0
644839,085910,2019-03-13,4220,4285.0
644840,085910,2019-03-14,4270,4150.0
644841,085910,2019-03-15,4190,4100.0
644842,085910,2019-03-18,4475,4125.0
644843,085910,2019-03-19,4355,4185.0
644844,085910,2019-03-20,4140,4220.0
644845,085910,2019-03-21,4145,4270.0
644846,085910,2019-03-22,4170,4190.0
644847,085910,2019-03-25,4180,4475.0
644848,085910,2019-03-26,4140,4355.0
644849,085910,2019-03-27,4115,4140.0
644850,085910,2019-03-28,4130,4145.0
644851,085910,2019-03-29,4200,4170.0
644852,085910,2019-04-01,4220,4180.0
644853,085910,2019-04-02,4240,4140.0
644854,085910,2019-04-03,4245,4115.0
644855,085910,2019-04-04,4270,4130.0
644856,085910,2019-04-05,4325,4200.0
644857,085910,2019-04-08,4300,4220.0
644858,085910,2019-04-09,4295,4240.0
644859,085910,2019-04-10,4325,4245.0
644860,085910,2019-04-11,4335,4270.0
644861,085910,2019-04-12,4375,4325.0
644862,085910,2019-04-15,4330,4300.0
644863,085910,2019-04-16,4340,4295.0
644864,085910,2019-04-17,4350,4325.0
644865,085910,2019-04-18,4325,4335.0
644866,085910,2019-04-19,4320,4375.0
644867,085910,2019-04-22,4365,4330.0
644868,085910,2019-04-23,4365,4340.0
644869,085910,2019-04-24,4310,4350.0
644870,085910,2019-04-25,4350,4325.0
644871,085910,2019-04-26,4340,4320.0
644872,085910,2019-04-29,4400,4365.0
644873,085910,2019-04-30,4300,4365.0
644874,085910,2019-05-02,4335,4310.0
644875,085910,2019-05-03,4340,4350.0
644876,085910,2019-05-07,4335,4340.0
644877,085910,2019-05-08,4310,4400.0
644878,085910,2019-05-09,4290,4300.0
644879,085910,2019-05-10,4295,4335.0
644880,085910,2019-05-13,4120,4340.0
644881,085910,2019-05-14,4265,4335.0
644882,085910,2019-05-15,4350,4310.0
644883,085910,2019-05-16,4295,4290.0
644884,085910,2019-05-17,4265,4295.0
644885,085910,2019-05-20,4225,4120.0
644886,085910,2019-05-21,4175,4265.0
644887,085910,2019-05-22,4165,4350.0
644888,085910,2019-05-23,4140,4295.0
644889,085910,2019-05-24,4100,4265.0
644890,085910,2019-05-27,4100,4225.0
644891,085910,2019-05-28,4100,4175.0
644892,085910,2019-05-29,4105,4165.0
644893,085910,2019-05-30,4125,4140.0
644894,085910,2019-05-31,4120,4100.0
644895,085910,2019-06-03,4135,4100.0
644896,085910,2019-06-04,4125,4100.0
644897,085910,2019-06-05,4170,4105.0
644898,085910,2019-06-07,4155,4125.0
644899,085910,2019-06-10,4155,4120.0
644900,085910,2019-06-11,4155,4135.0
644901,085910,2019-06-12,4095,4125.0
644902,085910,2019-06-13,4140,4170.0
644903,085910,2019-06-14,4140,4155.0
644904,085910,2019-06-17,4185,4155.0
644905,085910,2019-06-18,4185,4155.0
644906,085910,2019-06-19,4190,4095.0
644907,085910,2019-06-20,4190,4140.0
644908,085910,2019-06-21,4220,4140.0
644909,085910,2019-06-24,4220,4185.0
644910,085910,2019-06-25,4195,4185.0
644911,085910,2019-06-26,4195,4190.0
644912,085910,2019-06-27,4195,4190.0
644913,085910,2019-06-28,4195,4220.0
644914,085910,2019-07-01,4165,4220.0
644915,085910,2019-07-02,4165,4195.0
644916,085910,2019-07-03,4150,4195.0
644917,085910,2019-07-04,4135,4195.0
644918,085910,2019-07-05,4145,4195.0
644919,085910,2019-07-08,4010,4165.0
644920,085910,2019-07-09,4020,4165.0
644921,085910,2019-07-10,4035,4150.0
644922,085910,2019-07-11,4060,4135.0
644923,085910,2019-07-12,4065,4145.0
644924,085910,2019-07-15,4030,4010.0
644925,085910,2019-07-16,4025,4020.0
644926,085910,2019-07-17,3970,4035.0
644927,085910,2019-07-18,4040,4060.0
644928,085910,2019-07-19,4055,4065.0
644929,085910,2019-07-22,4040,4030.0
644930,085910,2019-07-23,4030,4025.0
644931,085910,2019-07-24,4020,3970.0
644932,085910,2019-07-25,4020,4040.0
644933,085910,2019-07-26,4030,4055.0
644934,085910,2019-07-29,3910,4040.0
644935,085910,2019-07-30,3950,4030.0
644936,085910,2019-07-31,3955,4020.0
644937,085910,2019-08-01,3920,4020.0
644938,085910,2019-08-02,3935,4030.0
644939,085910,2019-08-05,3800,3910.0
644940,085910,2019-08-06,3700,3950.0
644941,085910,2019-08-07,3795,3955.0
644942,085910,2019-08-08,3895,3920.0
644943,085910,2019-08-09,3870,3935.0
644944,085910,2019-08-12,4035,3800.0
644945,085910,2019-08-13,4030,3700.0
644946,085910,2019-08-14,4010,3795.0
644947,085910,2019-08-16,4110,3895.0
644948,085910,2019-08-19,4180,3870.0
644949,085910,2019-08-20,4120,4035.0
644950,085910,2019-08-21,4060,4030.0
644951,085910,2019-08-22,4060,4010.0
644952,085910,2019-08-23,3985,4110.0
644953,085910,2019-08-26,3950,4180.0
644954,085910,2019-08-27,3980,4120.0
644955,085910,2019-08-28,3970,4060.0
644956,085910,2019-08-29,4005,4060.0
644957,085910,2019-08-30,4025,3985.0
644958,085910,2019-09-02,4045,3950.0
644959,085910,2019-09-03,4020,3980.0
644960,085910,2019-09-04,4020,3970.0
644961,085910,2019-09-05,4005,4005.0
644962,085910,2019-09-06,3980,4025.0
644963,085910,2019-09-09,3980,4045.0
644964,085910,2019-09-10,3990,4020.0
644965,085910,2019-09-11,4000,4020.0
644966,085910,2019-09-16,4000,4005.0
644967,085910,2019-09-17,4000,3980.0
644968,085910,2019-09-18,3995,3980.0
644969,085910,2019-09-19,4000,3990.0
644970,085910,2019-09-20,3990,4000.0
644971,085910,2019-09-23,4005,4000.0
644972,085910,2019-09-24,3985,4000.0
644973,085910,2019-09-25,3995,3995.0
644974,085910,2019-09-26,3895,4000.0
644975,085910,2019-09-27,3970,3990.0
644976,085910,2019-09-30,3940,4005.0
644977,085910,2019-10-01,3905,3985.0
644978,085910,2019-10-02,3850,3995.0
644979,085910,2019-10-04,3845,3895.0
644980,085910,2019-10-07,3815,3970.0
644981,085910,2019-10-08,3830,3940.0
644982,085910,2019-10-10,3775,3905.0
644983,085910,2019-10-11,3755,3850.0
644984,085910,2019-10-14,3835,3845.0
644985,085910,2019-10-15,3850,3815.0
644986,085910,2019-10-16,3840,3830.0
644987,085910,2019-10-17,3850,3775.0
644988,085910,2019-10-18,3870,3755.0
644989,085910,2019-10-21,3870,3835.0
644990,085910,2019-10-22,3870,3850.0
644991,085910,2019-10-23,3875,3840.0
644992,085910,2019-10-24,3875,3850.0
644993,085910,2019-10-25,3880,3870.0
644994,085910,2019-10-28,3865,3870.0
644995,085910,2019-10-29,3900,3870.0
644996,085910,2019-10-30,3900,3875.0
644997,085910,2019-10-31,3900,3875.0
644998,085910,2019-11-01,3895,3880.0
644999,085910,2019-11-04,3890,3865.0
645000,085910,2019-11-05,3880,3900.0
645001,085910,2019-11-06,3865,3900.0
645002,085910,2019-11-07,3875,3900.0
645003,085910,2019-11-08,3885,3895.0
645004,085910,2019-11-11,3890,3890.0
645005,085910,2019-11-12,3885,3880.0
645006,085910,2019-11-13,3880,3865.0
645007,085910,2019-11-14,3865,3875.0
645008,085910,2019-11-15,3935,3885.0
645009,085910,2019-11-18,3945,3890.0
645010,085910,2019-11-19,3940,3885.0
645011,085910,2019-11-20,3980,3880.0
645012,085910,2019-11-21,3990,3865.0
645013,085910,2019-11-22,3930,3935.0
645014,085910,2019-11-25,3980,3945.0
645015,085910,2019-11-26,4000,3940.0
645016,085910,2019-11-27,4000,3980.0
645017,085910,2019-11-28,4005,3990.0
645018,085910,2019-11-29,3995,3930.0
645019,085910,2019-12-02,3990,3980.0
645020,085910,2019-12-03,4000,4000.0
645021,085910,2019-12-04,3995,4000.0
645022,085910,2019-12-05,3985,4005.0
645023,085910,2019-12-06,3995,3995.0
645024,085910,2019-12-09,3995,3990.0
645025,085910,2019-12-10,3995,4000.0
645026,085910,2019-12-11,3990,3995.0
645027,085910,2019-12-12,3975,3985.0
645028,085910,2019-12-13,3960,3995.0
645029,085910,2019-12-16,3995,3995.0
645030,085910,2019-12-17,3990,3995.0
645031,085910,2019-12-18,3995,3990.0
645032,085910,2019-12-19,3985,3975.0
645033,085910,2019-12-20,3980,3960.0
645034,085910,2019-12-23,3980,3995.0
645035,085910,2019-12-24,3995,3990.0
645036,085910,2019-12-26,4035,3995.0
645037,085910,2019-12-27,3910,3985.0
645038,085910,2019-12-30,3800,3980.0
202313,530009,2017-01-09,7460,7175.0
202314,530009,2017-01-10,7405,7250.0
202315,530009,2017-01-11,7735,7335.0
202316,530009,2017-01-12,7705,7430.0
202317,530009,2017-01-13,7840,7455.0
202318,530009,2017-01-16,7785,7460.0
202319,530009,2017-01-17,8115,7405.0
202320,530009,2017-01-18,8065,7735.0
202321,530009,2017-01-19,8055,7705.0
202322,530009,2017-01-20,7895,7840.0
202323,530009,2017-01-23,7860,7785.0
202324,530009,2017-01-24,7805,8115.0
202325,530009,2017-01-25,7680,8065.0
202326,530009,2017-01-26,8080,8055.0
202327,530009,2017-01-31,8040,7895.0
202328,530009,2017-02-01,8000,7860.0
202329,530009,2017-02-02,7820,7805.0
202330,530009,2017-02-03,7810,7680.0
202331,530009,2017-02-06,8130,8080.0
202332,530009,2017-02-07,8030,8040.0
202333,530009,2017-02-08,7950,8000.0
202334,530009,2017-02-09,7960,7820.0
202335,530009,2017-02-10,8100,7810.0
202336,530009,2017-02-13,8185,8130.0
202337,530009,2017-02-14,8115,8030.0
202338,530009,2017-02-15,8150,7950.0
202339,530009,2017-02-16,8170,7960.0
202340,530009,2017-02-17,8150,8100.0
202341,530009,2017-02-20,7975,8185.0
202342,530009,2017-02-21,8250,8115.0
202343,530009,2017-02-22,8255,8150.0
202344,530009,2017-02-23,8330,8170.0
202345,530009,2017-02-24,8175,8150.0
202346,530009,2017-02-27,8130,7975.0
202347,530009,2017-02-28,8210,8250.0
202348,530009,2017-03-02,8265,8255.0
202349,530009,2017-03-03,8035,8330.0
202350,530009,2017-03-06,8005,8175.0
202351,530009,2017-03-07,8155,8130.0
202352,530009,2017-03-08,8095,8210.0
202353,530009,2017-03-09,8170,8265.0
202354,530009,2017-03-10,8185,8035.0
202355,530009,2017-03-13,8375,8005.0
202356,530009,2017-03-14,8440,8155.0
202357,530009,2017-03-15,8470,8095.0
202358,530009,2017-03-16,8835,8170.0
202359,530009,2017-03-17,8770,8185.0
202360,530009,2017-03-20,8640,8375.0
202361,530009,2017-03-21,8735,8440.0
202362,530009,2017-03-22,8530,8470.0
202363,530009,2017-03-23,8630,8835.0
202364,530009,2017-03-24,8645,8770.0
202365,530009,2017-03-27,8475,8640.0
202366,530009,2017-03-28,8525,8735.0
202367,530009,2017-03-29,8485,8530.0
202368,530009,2017-03-30,8450,8630.0
202369,530009,2017-03-31,8470,8645.0
202370,530009,2017-04-03,8545,8475.0
202371,530009,2017-04-04,8475,8525.0
202372,530009,2017-04-05,8355,8485.0
202373,530009,2017-04-06,8410,8450.0
202374,530009,2017-04-07,8320,8470.0
202375,530009,2017-04-10,8145,8545.0
202376,530009,2017-04-11,8215,8475.0
202377,530009,2017-04-12,8165,8355.0
202378,530009,2017-04-13,8235,8410.0
202379,530009,2017-04-14,8165,8320.0
202380,530009,2017-04-17,8315,8145.0
202381,530009,2017-04-18,8295,8215.0
202382,530009,2017-04-19,8145,8165.0
202383,530009,2017-04-20,8180,8235.0
202384,530009,2017-04-21,8285,8165.0
202385,530009,2017-04-24,8425,8315.0
202386,530009,2017-04-25,8685,8295.0
202387,530009,2017-04-26,8825,8145.0
202388,530009,2017-04-27,8925,8180.0
202389,530009,2017-04-28,8785,8285.0
202390,530009,2017-05-02,8945,8425.0
202391,530009,2017-05-04,8985,8685.0
202392,530009,2017-05-08,9130,8825.0
202393,530009,2017-05-10,8965,8925.0
202394,530009,2017-05-11,9120,8785.0
202395,530009,2017-05-12,9215,8945.0
202396,530009,2017-05-15,9180,8985.0
202397,530009,2017-05-16,9450,9130.0
202398,530009,2017-05-17,9300,8965.0
202399,530009,2017-05-18,9225,9120.0
202400,530009,2017-05-19,9455,9215.0
202401,530009,2017-05-22,9470,9180.0
202402,530009,2017-05-23,9525,9450.0
202403,530009,2017-05-24,9480,9300.0
202404,530009,2017-05-25,9715,9225.0
202405,530009,2017-05-26,9850,9455.0
202406,530009,2017-05-29,9530,9470.0
202407,530009,2017-05-30,9635,9525.0
202408,530009,2017-05-31,9595,9480.0
202409,530009,2017-06-01,9475,9715.0
202410,530009,2017-06-02,9700,9850.0
202411,530009,2017-06-05,9655,9530.0
202412,530009,2017-06-07,9775,9635.0
202413,530009,2017-06-08,9890,9595.0
202414,530009,2017-06-09,10355,9475.0
202415,530009,2017-06-12,10235,9700.0
202416,530009,2017-06-13,10350,9655.0
202417,530009,2017-06-14,10245,9775.0
202418,530009,2017-06-15,10075,9890.0
202419,530009,2017-06-16,10155,10355.0
202420,530009,2017-06-19,10275,10235.0
202421,530009,2017-06-20,10075,10350.0
202422,530009,2017-06-21,10060,10245.0
202423,530009,2017-06-22,10170,10075.0
202424,530009,2017-06-23,10275,10155.0
202425,530009,2017-06-26,10390,10275.0
202426,530009,2017-06-27,10440,10075.0
202427,530009,2017-06-28,10315,10060.0
202428,530009,2017-06-29,10560,10170.0
202429,530009,2017-06-30,10465,10275.0
202430,530009,2017-07-03,10275,10390.0
202431,530009,2017-07-04,10240,10440.0
202432,530009,2017-07-05,10320,10315.0
202433,530009,2017-07-06,10200,10560.0
202434,530009,2017-07-07,10140,10465.0
202435,530009,2017-07-10,10000,10275.0
202436,530009,2017-07-11,10305,10240.0
202437,530009,2017-07-12,10205,10320.0
202438,530009,2017-07-13,10320,10200.0
202439,530009,2017-07-14,10400,10140.0
202440,530009,2017-07-17,10405,10000.0
202441,530009,2017-07-18,10295,10305.0
202442,530009,2017-07-19,10410,10205.0
202443,530009,2017-07-20,10530,10320.0
202444,530009,2017-07-21,10550,10400.0
202445,530009,2017-07-24,10580,10405.0
202446,530009,2017-07-25,10500,10295.0
202447,530009,2017-07-26,10430,10410.0
202448,530009,2017-07-27,10260,10530.0
202449,530009,2017-07-28,9815,10550.0
202450,530009,2017-07-31,10030,10580.0
202451,530009,2017-08-01,10210,10500.0
202452,530009,2017-08-02,10210,10430.0
202453,530009,2017-08-03,9710,10260.0
202454,530009,2017-08-04,9800,9815.0
202455,530009,2017-08-07,9810,10030.0
202456,530009,2017-08-08,9810,10210.0
202457,530009,2017-08-09,9745,10210.0
202458,530009,2017-08-10,9540,9710.0
202459,530009,2017-08-11,9470,9800.0
202460,530009,2017-08-14,9560,9810.0
202461,530009,2017-08-16,9675,9810.0
202462,530009,2017-08-17,9660,9745.0
202463,530009,2017-08-18,9660,9540.0
202464,530009,2017-08-21,9545,9470.0
202465,530009,2017-08-22,9785,9560.0
202466,530009,2017-08-23,9600,9675.0
202467,530009,2017-08-24,9580,9660.0
202468,530009,2017-08-25,9610,9660.0
202469,530009,2017-08-28,9585,9545.0
202470,530009,2017-08-29,9440,9785.0
202471,530009,2017-08-30,9410,9600.0
202472,530009,2017-08-31,9525,9580.0
202473,530009,2017-09-01,9215,9610.0
202474,530009,2017-09-04,9100,9585.0
202475,530009,2017-09-05,8910,9440.0
202476,530009,2017-09-06,8810,9410.0
202477,530009,2017-09-07,9135,9525.0
202478,530009,2017-09-08,9020,9215.0
202479,530009,2017-09-11,8990,9100.0
202480,530009,2017-09-12,9055,8910.0
202481,530009,2017-09-13,8985,8810.0
202482,530009,2017-09-14,9080,9135.0
202483,530009,2017-09-15,9155,9020.0
202484,530009,2017-09-18,9600,8990.0
202485,530009,2017-09-19,9550,9055.0
202486,530009,2017-09-20,9400,8985.0
202487,530009,2017-09-21,9290,9080.0
202488,530009,2017-09-22,9100,9155.0
202489,530009,2017-09-25,8890,9600.0
202490,530009,2017-09-26,8925,9550.0
202491,530009,2017-09-27,8835,9400.0
202492,530009,2017-09-28,8850,9290.0
202493,530009,2017-09-29,8920,9100.0
202494,530009,2017-10-10,9065,8890.0
202495,530009,2017-10-11,9060,8925.0
202496,530009,2017-10-12,9495,8835.0
202497,530009,2017-10-13,9560,8850.0
202498,530009,2017-10-16,9650,8920.0
202499,530009,2017-10-17,9670,9065.0
202500,530009,2017-10-18,9445,9060.0
202501,530009,2017-10-19,9405,9495.0
202502,530009,2017-10-20,9340,9560.0
202503,530009,2017-10-23,9370,9650.0
202504,530009,2017-10-24,9255,9670.0
202505,530009,2017-10-25,9345,9445.0
202506,530009,2017-10-26,9140,9405.0
202507,530009,2017-10-27,9220,9340.0
202508,530009,2017-10-30,9135,9370.0
202509,530009,2017-10-31,9200,9255.0
202510,530009,2017-11-01,9430,9345.0
202511,530009,2017-11-02,9315,9140.0
202512,530009,2017-11-03,9345,9220.0
202513,530009,2017-11-06,9250,9135.0
202514,530009,2017-11-07,9235,9200.0
202515,530009,2017-11-08,9215,9430.0
202516,530009,2017-11-09,9090,9315.0
202517,530009,2017-11-10,9070,9345.0
202518,530009,2017-11-13,9325,9250.0
202519,530009,2017-11-14,9270,9235.0
202520,530009,2017-11-15,9610,9215.0
202521,530009,2017-11-16,9645,9090.0
202522,530009,2017-11-17,9570,9070.0
202523,530009,2017-11-20,9500,9325.0
202524,530009,2017-11-21,9520,9270.0
202525,530009,2017-11-22,9820,9610.0
202526,530009,2017-11-23,9910,9645.0
202527,530009,2017-11-24,10045,9570.0
202528,530009,2017-11-27,9760,9500.0
202529,530009,2017-11-28,9595,9520.0
202530,530009,2017-11-29,9620,9820.0
202531,530009,2017-11-30,9435,9910.0
202532,530009,2017-12-01,9335,10045.0
202533,530009,2017-12-04,9390,9760.0
202534,530009,2017-12-05,9620,9595.0
202535,530009,2017-12-06,9550,9620.0
202536,530009,2017-12-07,9495,9435.0
202537,530009,2017-12-08,9395,9335.0
202538,530009,2017-12-11,9490,9390.0
202539,530009,2017-12-12,9390,9620.0
202540,530009,2017-12-13,9495,9550.0
202541,530009,2017-12-14,9550,9495.0
202542,530009,2017-12-15,9485,9395.0
202543,530009,2017-12-18,9105,9490.0
202544,530009,2017-12-19,9120,9390.0
202545,530009,2017-12-20,9115,9495.0
202546,530009,2017-12-21,9025,9550.0
202547,530009,2017-12-22,9050,9485.0
202548,530009,2017-12-26,9140,9105.0
202549,530009,2017-12-27,9050,9120.0
202550,530009,2017-12-28,9175,9115.0
202551,530009,2018-01-02,9175,9025.0
202552,530009,2018-01-03,9155,9050.0
202553,530009,2018-01-04,9180,9140.0
202554,530009,2018-01-05,9470,9050.0
202555,530009,2018-01-08,9860,9175.0
202556,530009,2018-01-09,9840,9175.0
202557,530009,2018-01-10,9810,9155.0
202558,530009,2018-01-11,9775,9180.0
202559,530009,2018-01-12,10175,9470.0
202560,530009,2018-01-15,10415,9860.0
202561,530009,2018-01-16,10445,9840.0
202562,530009,2018-01-17,10280,9810.0
202563,530009,2018-01-18,10505,9775.0
202564,530009,2018-01-19,10485,10175.0
202565,530009,2018-01-22,10450,10415.0
202566,530009,2018-01-23,11190,10445.0
202567,530009,2018-01-24,11140,10280.0
202568,530009,2018-01-25,11185,10505.0
202569,530009,2018-01-26,11310,10485.0
202570,530009,2018-01-29,11520,10450.0
202571,530009,2018-01-30,11400,11190.0
202572,530009,2018-01-31,11200,11140.0
202573,530009,2018-02-01,11260,11185.0
202574,530009,2018-02-02,10930,11310.0
202575,530009,2018-02-05,10665,11520.0
202576,530009,2018-02-06,10505,11400.0
202577,530009,2018-02-07,10255,11200.0
202578,530009,2018-02-08,10370,11260.0
202579,530009,2018-02-09,10020,10930.0
202580,530009,2018-02-12,10425,10665.0
202581,530009,2018-02-13,10165,10505.0
202582,530009,2018-02-14,10245,10255.0
202583,530009,2018-02-19,10385,10370.0
202584,530009,2018-02-20,10160,10020.0
202585,530009,2018-02-21,10275,10425.0
202586,530009,2018-02-22,10055,10165.0
202587,530009,2018-02-23,10255,10245.0
202588,530009,2018-02-26,10185,10385.0
202589,530009,2018-02-27,10145,10160.0
202590,530009,2018-02-28,9875,10275.0
202591,530009,2018-03-02,9870,10055.0
202592,530009,2018-03-05,9585,10255.0
202593,530009,2018-03-06,9845,10185.0
202594,530009,2018-03-07,9730,10145.0
202595,530009,2018-03-08,9725,9875.0
202596,530009,2018-03-09,10250,9870.0
202597,530009,2018-03-12,10530,9585.0
202598,530009,2018-03-13,10330,9845.0
202599,530009,2018-03-14,10235,9730.0
202600,530009,2018-03-15,10215,9725.0
202601,530009,2018-03-16,10300,10250.0
202602,530009,2018-03-19,10085,10530.0
202603,530009,2018-03-20,10140,10330.0
202604,530009,2018-03-21,10070,10235.0
202605,530009,2018-03-22,10150,10215.0
202606,530009,2018-03-23,9690,10300.0
202607,530009,2018-03-26,9780,10085.0
202608,530009,2018-03-27,9790,10140.0
202609,530009,2018-03-28,9600,10070.0
202610,530009,2018-03-29,9825,10150.0
202611,530009,2018-03-30,9910,9690.0
202612,530009,2018-04-02,9810,9780.0
202613,530009,2018-04-03,9535,9790.0
202614,530009,2018-04-04,9510,9600.0
202615,530009,2018-04-05,9650,9825.0
202616,530009,2018-04-06,9630,9910.0
202617,530009,2018-04-09,9635,9810.0
202618,530009,2018-04-10,9800,9535.0
202619,530009,2018-04-11,9815,9510.0
202620,530009,2018-04-12,9800,9650.0
202621,530009,2018-04-13,10060,9630.0
202622,530009,2018-04-16,10045,9635.0
202623,530009,2018-04-17,9945,9800.0
202624,530009,2018-04-18,10195,9815.0
202625,530009,2018-04-19,10220,9800.0
202626,530009,2018-04-20,10120,10060.0
202627,530009,2018-04-23,10105,10045.0
202628,530009,2018-04-24,10455,9945.0
202629,530009,2018-04-25,10255,10195.0
202630,530009,2018-04-26,10430,10220.0
202631,530009,2018-04-27,10620,10120.0
202632,530009,2018-04-30,10570,10105.0
202633,530009,2018-05-02,10445,10455.0
202634,530009,2018-05-03,10400,10255.0
202635,530009,2018-05-04,10710,10430.0
202636,530009,2018-05-08,10590,10620.0
202637,530009,2018-05-09,10410,10570.0
202638,530009,2018-05-10,10635,10445.0
202639,530009,2018-05-11,11040,10400.0
202640,530009,2018-05-14,11275,10710.0
202641,530009,2018-05-15,11115,10590.0
202642,530009,2018-05-16,10995,10410.0
202643,530009,2018-05-17,10900,10635.0
202644,530009,2018-05-18,10980,11040.0
202645,530009,2018-05-21,10975,11275.0
202646,530009,2018-05-23,10990,11115.0
202647,530009,2018-05-24,10985,10995.0
202648,530009,2018-05-25,10820,10900.0
202649,530009,2018-05-28,11290,10980.0
202650,530009,2018-05-29,11225,10975.0
202651,530009,2018-05-30,10650,10990.0
202652,530009,2018-05-31,10870,10985.0
202653,530009,2018-06-01,10750,10820.0
202654,530009,2018-06-04,10720,11290.0
202655,530009,2018-06-05,10780,11225.0
202656,530009,2018-06-07,11075,10650.0
202657,530009,2018-06-08,10790,10870.0
202658,530009,2018-06-11,10925,10750.0
202659,530009,2018-06-12,10850,10720.0
202660,530009,2018-06-14,10465,10780.0
202661,530009,2018-06-15,10330,11075.0
202662,530009,2018-06-18,10040,10790.0
202663,530009,2018-06-19,9800,10925.0
202664,530009,2018-06-20,9970,10850.0
202665,530009,2018-06-21,9840,10465.0
202666,530009,2018-06-22,9670,10330.0
202667,530009,2018-06-25,9860,10040.0
202668,530009,2018-06-26,9695,9800.0
202669,530009,2018-06-27,9560,9970.0
202670,530009,2018-06-28,9505,9840.0
202671,530009,2018-06-29,9620,9670.0
202672,530009,2018-07-02,9080,9860.0
202673,530009,2018-07-03,9150,9695.0
202674,530009,2018-07-04,9080,9560.0
202675,530009,2018-07-05,9085,9505.0
202676,530009,2018-07-06,9355,9620.0
202677,530009,2018-07-09,9220,9080.0
202678,530009,2018-07-10,9195,9150.0
202679,530009,2018-07-11,9070,9080.0
202680,530009,2018-07-12,9015,9085.0
202681,530009,2018-07-13,9200,9355.0
202682,530009,2018-07-16,9000,9220.0
202683,530009,2018-07-17,8890,9195.0
202684,530009,2018-07-18,8990,9070.0
202685,530009,2018-07-19,8650,9015.0
202686,530009,2018-07-20,8600,9200.0
202687,530009,2018-07-23,8535,9000.0
202688,530009,2018-07-24,8610,8890.0
202689,530009,2018-07-25,8665,8990.0
202690,530009,2018-07-26,8850,8650.0
202691,530009,2018-07-27,8745,8600.0
202692,530009,2018-07-30,8695,8535.0
202693,530009,2018-07-31,8710,8610.0
202694,530009,2018-08-01,8770,8665.0
202695,530009,2018-08-02,8545,8850.0
202696,530009,2018-08-03,8625,8745.0
202697,530009,2018-08-06,8675,8695.0
202698,530009,2018-08-07,8645,8710.0
202699,530009,2018-08-08,8720,8770.0
202700,530009,2018-08-09,8660,8545.0
202701,530009,2018-08-10,8410,8625.0
202702,530009,2018-08-13,8060,8675.0
202703,530009,2018-08-14,8165,8645.0
202704,530009,2018-08-16,8085,8720.0
202705,530009,2018-08-17,8195,8660.0
202706,530009,2018-08-20,8305,8410.0
202707,530009,2018-08-21,8545,8060.0
202708,530009,2018-08-22,8500,8165.0
202709,530009,2018-08-23,8540,8085.0
202710,530009,2018-08-24,8495,8195.0
202711,530009,2018-08-27,8880,8305.0
202712,530009,2018-08-28,9010,8545.0
202713,530009,2018-08-29,9045,8500.0
202714,530009,2018-08-30,9010,8540.0
202715,530009,2018-08-31,8860,8495.0
202716,530009,2018-09-03,8925,8880.0
202717,530009,2018-09-04,8915,9010.0
202718,530009,2018-09-05,8775,9045.0
202719,530009,2018-09-06,8765,9010.0
202720,530009,2018-09-07,8720,8860.0
202721,530009,2018-09-10,8845,8925.0
202722,530009,2018-09-11,8965,8915.0
202723,530009,2018-09-12,8860,8775.0
202724,530009,2018-09-13,8905,8765.0
202725,530009,2018-09-14,9120,8720.0
202726,530009,2018-09-17,8975,8845.0
202727,530009,2018-09-18,8920,8965.0
202728,530009,2018-09-19,8985,8860.0
202729,530009,2018-09-20,9300,8905.0
202730,530009,2018-09-21,9315,9120.0
202731,530009,2018-09-27,9450,8975.0
202732,530009,2018-09-28,9430,8920.0
202733,530009,2018-10-01,9400,8985.0
202734,530009,2018-10-02,9100,9300.0
202735,530009,2018-10-04,8800,9315.0
202736,530009,2018-10-05,8745,9450.0
202737,530009,2018-10-08,8715,9430.0
202738,530009,2018-10-10,8400,9400.0
202739,530009,2018-10-11,7930,9100.0
202740,530009,2018-10-12,8070,8800.0
202741,530009,2018-10-15,7950,8745.0
202742,530009,2018-10-16,7905,8715.0
202743,530009,2018-10-17,8050,8400.0
202744,530009,2018-10-18,8005,7930.0
202745,530009,2018-10-19,7995,8070.0
202746,530009,2018-10-22,8100,7950.0
202747,530009,2018-10-23,7850,7905.0
202748,530009,2018-10-24,7930,8050.0
202749,530009,2018-10-25,7810,8005.0
202750,530009,2018-10-26,7780,7995.0
202751,530009,2018-10-29,7860,8100.0
202752,530009,2018-10-30,7760,7850.0
202753,530009,2018-10-31,7755,7930.0
202754,530009,2018-11-01,8000,7810.0
202755,530009,2018-11-02,8520,7780.0
202756,530009,2018-11-05,8355,7860.0
202757,530009,2018-11-06,8455,7760.0
202758,530009,2018-11-07,8610,7755.0
202759,530009,2018-11-08,8835,8000.0
202760,530009,2018-11-09,8605,8520.0
202761,530009,2018-11-12,8660,8355.0
202762,530009,2018-11-13,8445,8455.0
202763,530009,2018-11-14,8605,8610.0
202764,530009,2018-11-15,8485,8835.0
202765,530009,2018-11-16,8605,8605.0
202766,530009,2018-11-19,8625,8660.0
202767,530009,2018-11-20,8605,8445.0
202768,530009,2018-11-21,8445,8605.0
202769,530009,2018-11-22,8485,8485.0
202770,530009,2018-11-23,8455,8605.0
202771,530009,2018-11-26,8560,8625.0
202772,530009,2018-11-27,8605,8605.0
202773,530009,2018-11-28,8625,8445.0
202774,530009,2018-11-29,8795,8485.0
202775,530009,2018-11-30,8740,8455.0
202776,530009,2018-12-03,9120,8560.0
202777,530009,2018-12-04,9000,8605.0
202778,530009,2018-12-05,8770,8625.0
202779,530009,2018-12-06,8610,8795.0
202780,530009,2018-12-07,8605,8740.0
202781,530009,2018-12-10,8495,9120.0
202782,530009,2018-12-11,8480,9000.0
202783,530009,2018-12-12,8600,8770.0
202784,530009,2018-12-13,8650,8610.0
202785,530009,2018-12-14,8690,8605.0
202786,530009,2018-12-17,8580,8495.0
202787,530009,2018-12-18,8455,8480.0
202788,530009,2018-12-19,8590,8600.0
202789,530009,2018-12-20,8330,8650.0
202790,530009,2018-12-21,8315,8690.0
202791,530009,2018-12-24,8365,8580.0
202792,530009,2018-12-26,8120,8455.0
202793,530009,2018-12-27,8140,8590.0
202794,530009,2018-12-28,8105,8330.0
202795,530009,2019-01-02,7800,8315.0
202796,530009,2019-01-03,7740,8365.0
202797,530009,2019-01-04,7715,8120.0
202798,530009,2019-01-07,8190,8140.0
202799,530009,2019-01-08,8100,8105.0
202800,530009,2019-01-09,8105,7800.0
202801,530009,2019-01-10,8165,7740.0
202802,530009,2019-01-11,8120,7715.0
202803,530009,2019-01-14,8105,8190.0
202804,530009,2019-01-15,8485,8100.0
202805,530009,2019-01-16,8715,8105.0
202806,530009,2019-01-17,8535,8165.0
202807,530009,2019-01-18,8765,8120.0
202808,530009,2019-01-21,8675,8105.0
202809,530009,2019-01-22,8520,8485.0
202810,530009,2019-01-23,8575,8715.0
202811,530009,2019-01-24,8940,8535.0
202812,530009,2019-01-25,8945,8765.0
202813,530009,2019-01-28,8830,8675.0
202814,530009,2019-01-29,8735,8520.0
202815,530009,2019-01-30,8905,8575.0
202816,530009,2019-01-31,9000,8940.0
202817,530009,2019-02-01,8985,8945.0
202818,530009,2019-02-07,9160,8830.0
202819,530009,2019-02-08,8860,8735.0
202820,530009,2019-02-11,8815,8905.0
202821,530009,2019-02-12,8815,9000.0
202822,530009,2019-02-13,8735,8985.0
202823,530009,2019-02-14,8780,9160.0
202824,530009,2019-02-15,8675,8860.0
202825,530009,2019-02-18,8800,8815.0
202826,530009,2019-02-19,8705,8815.0
202827,530009,2019-02-20,8755,8735.0
202828,530009,2019-02-21,8740,8780.0
202829,530009,2019-02-22,8730,8675.0
202830,530009,2019-02-25,8760,8800.0
202831,530009,2019-02-26,8880,8705.0
202832,530009,2019-02-27,8915,8755.0
202833,530009,2019-02-28,8775,8740.0
202834,530009,2019-03-04,8810,8730.0
202835,530009,2019-03-05,8705,8760.0
202836,530009,2019-03-06,8740,8880.0
202837,530009,2019-03-07,8640,8915.0
202838,530009,2019-03-08,8475,8775.0
202839,530009,2019-03-11,8440,8810.0
202840,530009,2019-03-12,8555,8705.0
202841,530009,2019-03-13,8500,8740.0
202842,530009,2019-03-14,8685,8640.0
202843,530009,2019-03-15,8875,8475.0
202844,530009,2019-03-18,9010,8440.0
202845,530009,2019-03-19,8975,8555.0
202846,530009,2019-03-20,8880,8500.0
202847,530009,2019-03-21,8990,8685.0
202848,530009,2019-03-22,8935,8875.0
202849,530009,2019-03-25,8700,9010.0
202850,530009,2019-03-26,8755,8975.0
202851,530009,2019-03-27,8630,8880.0
202852,530009,2019-03-28,8550,8990.0
202853,530009,2019-03-29,8735,8935.0
202854,530009,2019-04-01,9115,8700.0
202855,530009,2019-04-02,9215,8755.0
202856,530009,2019-04-03,9485,8630.0
202857,530009,2019-04-04,9515,8550.0
202858,530009,2019-04-05,9640,8735.0
202859,530009,2019-04-08,9625,9115.0
202860,530009,2019-04-09,9550,9215.0
202861,530009,2019-04-10,9540,9485.0
202862,530009,2019-04-11,9540,9515.0
202863,530009,2019-04-12,9550,9640.0
202864,530009,2019-04-15,9795,9625.0
202865,530009,2019-04-16,9595,9550.0
202866,530009,2019-04-17,9650,9540.0
202867,530009,2019-04-18,9370,9540.0
202868,530009,2019-04-19,9365,9550.0
202869,530009,2019-04-22,9405,9795.0
202870,530009,2019-04-23,9310,9595.0
202871,530009,2019-04-24,9220,9650.0
202872,530009,2019-04-25,9280,9370.0
202873,530009,2019-04-26,9215,9365.0
202874,530009,2019-04-29,9325,9405.0
202875,530009,2019-04-30,9200,9310.0
202876,530009,2019-05-02,9225,9220.0
202877,530009,2019-05-03,9080,9280.0
202878,530009,2019-05-07,8940,9215.0
202879,530009,2019-05-08,9110,9325.0
202880,530009,2019-05-09,8865,9200.0
202881,530009,2019-05-10,8975,9225.0
202882,530009,2019-05-13,8945,9080.0
202883,530009,2019-05-14,8830,8940.0
202884,530009,2019-05-15,9005,9110.0
202885,530009,2019-05-16,8915,8865.0
202886,530009,2019-05-17,9030,8975.0
202887,530009,2019-05-20,9045,8945.0
202888,530009,2019-05-21,9020,8830.0
202889,530009,2019-05-22,9020,9005.0
202890,530009,2019-05-23,9010,8915.0
202891,530009,2019-05-24,9065,9030.0
202892,530009,2019-05-27,8910,9045.0
202893,530009,2019-05-28,9000,9020.0
202894,530009,2019-05-29,8845,9020.0
202895,530009,2019-05-30,8910,9010.0
202896,530009,2019-05-31,8965,9065.0
202897,530009,2019-06-03,9040,8910.0
202898,530009,2019-06-04,9130,9000.0
202899,530009,2019-06-05,9185,8845.0
202900,530009,2019-06-07,9310,8910.0
202901,530009,2019-06-10,9370,8965.0
202902,530009,2019-06-11,9370,9040.0
202903,530009,2019-06-12,9370,9130.0
202904,530009,2019-06-13,9380,9185.0
202905,530009,2019-06-14,9440,9310.0
202906,530009,2019-06-17,9535,9370.0
202907,530009,2019-06-18,9535,9370.0
202908,530009,2019-06-19,9720,9370.0
202909,530009,2019-06-20,9780,9380.0
202910,530009,2019-06-21,9925,9440.0
202911,530009,2019-06-24,10030,9535.0
202912,530009,2019-06-25,9785,9535.0
202913,530009,2019-06-26,9885,9720.0
202914,530009,2019-06-27,9930,9780.0
202915,530009,2019-06-28,9800,9925.0
202916,530009,2019-07-01,9850,10030.0
202917,530009,2019-07-02,9910,9785.0
202918,530009,2019-07-03,9505,9885.0
202919,530009,2019-07-04,9720,9930.0
202920,530009,2019-07-05,9660,9800.0
202921,530009,2019-07-08,9500,9850.0
202922,530009,2019-07-09,9415,9910.0
202923,530009,2019-07-10,9420,9505.0
202924,530009,2019-07-11,9580,9720.0
202925,530009,2019-07-12,9580,9660.0
202926,530009,2019-07-15,9470,9500.0
202927,530009,2019-07-16,9545,9415.0
202928,530009,2019-07-17,9505,9420.0
202929,530009,2019-07-18,9485,9580.0
202930,530009,2019-07-19,9555,9580.0
202931,530009,2019-07-22,9590,9470.0
202932,530009,2019-07-23,9730,9545.0
202933,530009,2019-07-24,9660,9505.0
202934,530009,2019-07-25,9395,9485.0
202935,530009,2019-07-26,9330,9555.0
202936,530009,2019-07-29,9080,9590.0
202937,530009,2019-07-30,9035,9730.0
202938,530009,2019-07-31,9045,9660.0
202939,530009,2019-08-01,8915,9395.0
202940,530009,2019-08-02,8645,9330.0
202941,530009,2019-08-05,8310,9080.0
202942,530009,2019-08-06,8395,9035.0
202943,530009,2019-08-07,8290,9045.0
202944,530009,2019-08-08,8455,8915.0
202945,530009,2019-08-09,8575,8645.0
202946,530009,2019-08-12,8510,8310.0
202947,530009,2019-08-13,8370,8395.0
202948,530009,2019-08-14,8380,8290.0
202949,530009,2019-08-16,8205,8455.0
202950,530009,2019-08-19,8395,8575.0
202951,530009,2019-08-20,8500,8510.0
202952,530009,2019-08-21,8555,8370.0
202953,530009,2019-08-22,8515,8380.0
202954,530009,2019-08-23,8415,8205.0
202955,530009,2019-08-26,8265,8395.0
202956,530009,2019-08-27,8265,8500.0
202957,530009,2019-08-28,8265,8555.0
202958,530009,2019-08-29,8230,8515.0
202959,530009,2019-08-30,8480,8415.0
202960,530009,2019-09-02,8510,8265.0
202961,530009,2019-09-03,8430,8265.0
202962,530009,2019-09-04,8425,8265.0
202963,530009,2019-09-05,8515,8230.0
202964,530009,2019-09-06,8535,8480.0
202965,530009,2019-09-09,8560,8510.0
202966,530009,2019-09-10,8630,8430.0
202967,530009,2019-09-11,8730,8425.0
202968,530009,2019-09-16,9060,8515.0
202969,530009,2019-09-17,9005,8535.0
202970,530009,2019-09-18,9105,8560.0
202971,530009,2019-09-19,8870,8630.0
202972,530009,2019-09-20,8910,8730.0
202973,530009,2019-09-23,8895,9060.0
202974,530009,2019-09-24,8870,9005.0
202975,530009,2019-09-25,8775,9105.0
202976,530009,2019-09-26,8750,8870.0
202977,530009,2019-09-27,8635,8910.0
202978,530009,2019-09-30,8730,8895.0
202979,530009,2019-10-01,8800,8870.0
202980,530009,2019-10-02,8630,8775.0
202981,530009,2019-10-04,8525,8750.0
202982,530009,2019-10-07,8465,8635.0
202983,530009,2019-10-08,8520,8730.0
202984,530009,2019-10-10,8435,8800.0
202985,530009,2019-10-11,8520,8630.0
202986,530009,2019-10-14,8615,8525.0
202987,530009,2019-10-15,8585,8465.0
202988,530009,2019-10-16,8660,8520.0
202989,530009,2019-10-17,8565,8435.0
202990,530009,2019-10-18,8430,8520.0
202991,530009,2019-10-21,8385,8615.0
202992,530009,2019-10-22,8470,8585.0
202993,530009,2019-10-23,8420,8660.0
202994,530009,2019-10-24,8425,8565.0
202995,530009,2019-10-25,8425,8430.0
202996,530009,2019-10-28,8465,8385.0
202997,530009,2019-10-29,8415,8470.0
202998,530009,2019-10-30,8290,8420.0
202999,530009,2019-10-31,8310,8425.0
203000,530009,2019-11-01,8310,8425.0
203001,530009,2019-11-04,8575,8465.0
203002,530009,2019-11-05,8685,8415.0
203003,530009,2019-11-06,8575,8290.0
203004,530009,2019-11-07,8575,8310.0
203005,530009,2019-11-08,8580,8310.0
203006,530009,2019-11-11,8475,8575.0
203007,530009,2019-11-12,8445,8685.0
203008,530009,2019-11-13,8445,8575.0
203009,530009,2019-11-14,8375,8575.0
203010,530009,2019-11-15,8560,8580.0
203011,530009,2019-11-18,8485,8475.0
203012,530009,2019-11-19,8485,8445.0
203013,530009,2019-11-20,8485,8445.0
203014,530009,2019-11-21,8345,8375.0
203015,530009,2019-11-22,8390,8560.0
203016,530009,2019-11-25,8485,8485.0
203017,530009,2019-11-26,8575,8485.0
203018,530009,2019-11-27,8575,8485.0
203019,530009,2019-11-28,8500,8345.0
203020,530009,2019-11-29,8475,8390.0
203021,530009,2019-12-02,8475,8485.0
203022,530009,2019-12-03,8475,8575.0
203023,530009,2019-12-04,8395,8575.0
203024,530009,2019-12-05,8395,8500.0
203025,530009,2019-12-06,8060,8475.0
203026,530009,2019-12-09,8060,8475.0
203027,530009,2019-12-10,8045,8475.0
203028,530009,2019-12-11,8165,8395.0
203029,530009,2019-12-12,8260,8395.0
203030,530009,2019-12-13,8480,8060.0
203031,530009,2019-12-16,8480,8060.0
203032,530009,2019-12-17,8505,8045.0
203033,530009,2019-12-18,8550,8165.0
203034,530009,2019-12-19,8550,8260.0
203035,530009,2019-12-20,8585,8480.0
203036,530009,2019-12-23,8630,8480.0
203037,530009,2019-12-24,8655,8505.0
203038,530009,2019-12-26,8670,8550.0
203039,530009,2019-12-27,8615,8550.0
203040,530009,2019-12-30,8615,8585.0
1638992,238670,2017-01-09,9752,9756.0
1638993,238670,2017-01-10,9742,9776.0
1638994,238670,2017-01-11,9776,9781.0
1638995,238670,2017-01-12,9796,9791.0
1638996,238670,2017-01-13,9816,9742.0
1638997,238670,2017-01-16,9811,9752.0
1638998,238670,2017-01-17,9816,9742.0
1638999,238670,2017-01-18,9811,9776.0
1639000,238670,2017-01-19,9801,9796.0
1639001,238670,2017-01-20,9801,9816.0
1639002,238670,2017-01-23,9806,9811.0
1639003,238670,2017-01-24,9791,9816.0
1639004,238670,2017-01-25,9771,9811.0
1639005,238670,2017-01-26,9771,9801.0
1639006,238670,2017-01-31,9766,9801.0
1639007,238670,2017-02-01,9781,9806.0
1639008,238670,2017-02-02,9766,9791.0
1639009,238670,2017-02-03,9766,9771.0
1639010,238670,2017-02-06,9786,9771.0
1639011,238670,2017-02-07,9781,9766.0
1639012,238670,2017-02-08,9771,9781.0
1639013,238670,2017-02-09,9776,9766.0
1639014,238670,2017-02-10,9796,9766.0
1639015,238670,2017-02-13,9816,9786.0
1639016,238670,2017-02-14,9816,9781.0
1639017,238670,2017-02-15,9826,9771.0
1639018,238670,2017-02-16,9816,9776.0
1639019,238670,2017-02-17,9811,9796.0
1639020,238670,2017-02-20,9801,9816.0
1639021,238670,2017-02-21,9821,9816.0
1639022,238670,2017-02-22,9826,9826.0
1639023,238670,2017-02-23,9826,9816.0
1639024,238670,2017-02-24,9841,9811.0
1639025,238670,2017-02-27,9841,9801.0
1639026,238670,2017-02-28,9821,9821.0
1639027,238670,2017-03-02,9796,9826.0
1639028,238670,2017-03-03,9761,9826.0
1639029,238670,2017-03-06,9747,9841.0
1639030,238670,2017-03-07,9761,9841.0
1639031,238670,2017-03-08,9761,9821.0
1639032,238670,2017-03-09,9752,9796.0
1639033,238670,2017-03-10,9756,9761.0
1639034,238670,2017-03-13,9776,9747.0
1639035,238670,2017-03-14,9786,9761.0
1639036,238670,2017-03-15,9781,9761.0
1639037,238670,2017-03-16,9816,9752.0
1639038,238670,2017-03-17,9841,9756.0
1639039,238670,2017-03-20,9836,9776.0
1639040,238670,2017-03-21,9855,9786.0
1639041,238670,2017-03-22,9846,9781.0
1639042,238670,2017-03-23,9870,9816.0
1639043,238670,2017-03-24,9870,9841.0
1639044,238670,2017-03-27,9865,9836.0
1639045,238670,2017-03-28,9870,9855.0
1639046,238670,2017-03-29,9870,9846.0
1639047,238670,2017-03-30,9865,9870.0
1639048,238670,2017-03-31,9900,9870.0
1639049,238670,2017-04-03,9885,9865.0
1639050,238670,2017-04-04,9875,9870.0
1639051,238670,2017-04-05,9860,9870.0
1639052,238670,2017-04-06,9860,9865.0
1639053,238670,2017-04-07,9870,9900.0
1639054,238670,2017-04-10,9826,9885.0
1639055,238670,2017-04-11,9806,9875.0
1639056,238670,2017-04-12,9846,9860.0
1639057,238670,2017-04-13,9890,9860.0
1639058,238670,2017-04-14,9880,9870.0
1639059,238670,2017-04-17,9890,9826.0
1639060,238670,2017-04-18,9900,9806.0
1639061,238670,2017-04-19,9870,9846.0
1639062,238670,2017-04-20,9900,9890.0
1639063,238670,2017-04-21,9905,9880.0
1639064,238670,2017-04-24,9910,9890.0
1639065,238670,2017-04-25,9930,9900.0
1639066,238670,2017-04-26,9945,9870.0
1639067,238670,2017-04-27,9870,9900.0
1639068,238670,2017-04-28,9865,9905.0
1639069,238670,2017-05-02,9875,9910.0
1639070,238670,2017-05-04,9895,9930.0
1639071,238670,2017-05-08,9950,9945.0
1639072,238670,2017-05-10,9950,9870.0
1639073,238670,2017-05-11,9994,9865.0
1639074,238670,2017-05-12,9945,9875.0
1639075,238670,2017-05-15,9964,9895.0
1639076,238670,2017-05-16,9945,9950.0
1639077,238670,2017-05-17,9964,9950.0
1639078,238670,2017-05-18,9954,9994.0
1639079,238670,2017-05-19,9974,9945.0
1639080,238670,2017-05-22,9994,9964.0
1639081,238670,2017-05-23,9999,9945.0
1639082,238670,2017-05-24,10009,9964.0
1639083,238670,2017-05-25,10039,9954.0
1639084,238670,2017-05-26,10048,9974.0
1639085,238670,2017-05-29,10048,9994.0
1639086,238670,2017-05-30,10068,9999.0
1639087,238670,2017-05-31,10068,10009.0
1639088,238670,2017-06-01,10063,10039.0
1639089,238670,2017-06-02,10078,10048.0
1639090,238670,2017-06-05,10078,10048.0
1639091,238670,2017-06-07,10063,10068.0
1639092,238670,2017-06-08,10068,10068.0
1639093,238670,2017-06-09,10093,10063.0
1639094,238670,2017-06-12,10048,10078.0
1639095,238670,2017-06-13,10068,10078.0
1639096,238670,2017-06-14,10053,10063.0
1639097,238670,2017-06-15,10044,10068.0
1639098,238670,2017-06-16,10044,10093.0
1639099,238670,2017-06-19,10048,10048.0
1639100,238670,2017-06-20,10014,10068.0
1639101,238670,2017-06-21,10034,10053.0
1639102,238670,2017-06-22,10029,10044.0
1639103,238670,2017-06-23,10044,10044.0
1639104,238670,2017-06-26,10024,10048.0
1639105,238670,2017-06-27,10044,10014.0
1639106,238670,2017-06-28,10034,10034.0
1639107,238670,2017-06-29,10039,10029.0
1639108,238670,2017-06-30,10053,10044.0
1639109,238670,2017-07-03,10058,10024.0
1639110,238670,2017-07-04,10009,10044.0
1639111,238670,2017-07-05,10029,10034.0
1639112,238670,2017-07-06,10019,10039.0
1639113,238670,2017-07-07,10014,10053.0
1639114,238670,2017-07-10,10014,10058.0
1639115,238670,2017-07-11,10029,10009.0
1639116,238670,2017-07-12,10004,10029.0
1639117,238670,2017-07-13,10039,10019.0
1639118,238670,2017-07-14,10034,10014.0
1639119,238670,2017-07-17,10053,10014.0
1639120,238670,2017-07-18,10048,10029.0
1639121,238670,2017-07-19,10044,10004.0
1639122,238670,2017-07-20,10063,10039.0
1639123,238670,2017-07-21,10058,10034.0
1639124,238670,2017-07-24,10078,10053.0
1639125,238670,2017-07-25,10098,10048.0
1639126,238670,2017-07-26,10083,10044.0
1639127,238670,2017-07-27,10108,10063.0
1639128,238670,2017-07-28,10118,10058.0
1639129,238670,2017-07-31,10088,10078.0
1639130,238670,2017-08-01,10098,10098.0
1639131,238670,2017-08-02,10118,10083.0
1639132,238670,2017-08-03,10083,10108.0
1639133,238670,2017-08-04,10113,10118.0
1639134,238670,2017-08-07,10078,10088.0
1639135,238670,2017-08-08,10083,10098.0
1639136,238670,2017-08-09,10053,10118.0
1639137,238670,2017-08-10,10073,10083.0
1639138,238670,2017-08-11,10044,10113.0
1639139,238670,2017-08-14,10029,10078.0
1639140,238670,2017-08-16,10019,10083.0
1639141,238670,2017-08-17,10034,10053.0
1639142,238670,2017-08-18,10019,10073.0
1639143,238670,2017-08-21,10009,10044.0
1639144,238670,2017-08-22,10014,10029.0
1639145,238670,2017-08-23,10019,10019.0
1639146,238670,2017-08-24,10039,10034.0
1639147,238670,2017-08-25,10048,10019.0
1639148,238670,2017-08-28,10039,10009.0
1639149,238670,2017-08-29,10048,10014.0
1639150,238670,2017-08-30,10048,10019.0
1639151,238670,2017-08-31,10044,10039.0
1639152,238670,2017-09-01,10024,10048.0
1639153,238670,2017-09-04,9999,10039.0
1639154,238670,2017-09-05,9994,10048.0
1639155,238670,2017-09-06,9954,10048.0
1639156,238670,2017-09-07,9989,10044.0
1639157,238670,2017-09-08,9979,10024.0
1639158,238670,2017-09-11,10014,9999.0
1639159,238670,2017-09-12,10004,9994.0
1639160,238670,2017-09-13,10009,9954.0
1639161,238670,2017-09-14,10024,9989.0
1639162,238670,2017-09-15,10039,9979.0
1639163,238670,2017-09-18,10034,10014.0
1639164,238670,2017-09-19,9994,10004.0
1639165,238670,2017-09-20,9984,10009.0
1639166,238670,2017-09-21,9945,10024.0
1639167,238670,2017-09-22,9930,10039.0
1639168,238670,2017-09-25,9880,10034.0
1639169,238670,2017-09-26,9925,9994.0
1639170,238670,2017-09-27,9880,9984.0
1639171,238670,2017-09-28,9925,9945.0
1639172,238670,2017-09-29,9954,9930.0
1639173,238670,2017-10-10,9950,9880.0
1639174,238670,2017-10-11,9945,9925.0
1639175,238670,2017-10-12,9964,9880.0
1639176,238670,2017-10-13,9964,9925.0
1639177,238670,2017-10-16,10009,9954.0
1639178,238670,2017-10-17,9994,9950.0
1639179,238670,2017-10-18,10044,9945.0
1639180,238670,2017-10-19,10019,9964.0
1639181,238670,2017-10-20,10009,9964.0
1639182,238670,2017-10-23,10024,10009.0
1639183,238670,2017-10-24,10019,9994.0
1639184,238670,2017-10-25,10004,10044.0
1639185,238670,2017-10-26,10004,10019.0
1639186,238670,2017-10-27,10034,10009.0
1639187,238670,2017-10-30,10014,10024.0
1639188,238670,2017-10-31,10044,10019.0
1639189,238670,2017-11-01,10019,10004.0
1639190,238670,2017-11-02,10048,10004.0
1639191,238670,2017-11-03,10068,10034.0
1639192,238670,2017-11-06,10058,10014.0
1639193,238670,2017-11-07,10053,10044.0
1639194,238670,2017-11-08,10093,10019.0
1639195,238670,2017-11-09,10098,10048.0
1639196,238670,2017-11-10,10068,10068.0
1639197,238670,2017-11-13,10068,10058.0
1639198,238670,2017-11-14,10053,10053.0
1639199,238670,2017-11-15,10073,10093.0
1639200,238670,2017-11-16,10088,10098.0
1639201,238670,2017-11-17,10078,10068.0
1639202,238670,2017-11-20,10078,10068.0
1639203,238670,2017-11-21,10113,10053.0
1639204,238670,2017-11-22,10118,10073.0
1639205,238670,2017-11-23,10098,10088.0
1639206,238670,2017-11-24,10143,10078.0
1639207,238670,2017-11-27,10123,10078.0
1639208,238670,2017-11-28,10148,10113.0
1639209,238670,2017-11-29,10157,10118.0
1639210,238670,2017-11-30,10167,10098.0
1639211,238670,2017-12-01,10143,10143.0
1639212,238670,2017-12-04,10162,10123.0
1639213,238670,2017-12-05,10212,10148.0
1639214,238670,2017-12-06,10182,10157.0
1639215,238670,2017-12-07,10123,10167.0
1639216,238670,2017-12-08,10093,10143.0
1639217,238670,2017-12-11,10118,10162.0
1639218,238670,2017-12-12,10118,10212.0
1639219,238670,2017-12-13,10177,10182.0
1639220,238670,2017-12-14,10182,10123.0
1639221,238670,2017-12-15,10167,10093.0
1639222,238670,2017-12-18,10182,10118.0
1639223,238670,2017-12-19,10128,10118.0
1639224,238670,2017-12-20,10148,10177.0
1639225,238670,2017-12-21,10108,10182.0
1639226,238670,2017-12-22,10113,10167.0
1639227,238670,2017-12-26,10098,10182.0
1639228,238670,2017-12-27,10167,10128.0
1639229,238670,2017-12-28,10197,10148.0
1639230,238670,2018-01-02,10177,10108.0
1639231,238670,2018-01-03,10162,10113.0
1639232,238670,2018-01-04,10148,10098.0
1639233,238670,2018-01-05,10148,10167.0
1639234,238670,2018-01-08,10197,10197.0
1639235,238670,2018-01-09,10197,10177.0
1639236,238670,2018-01-10,10246,10162.0
1639237,238670,2018-01-11,10227,10148.0
1639238,238670,2018-01-12,10222,10148.0
1639239,238670,2018-01-15,10217,10197.0
1639240,238670,2018-01-16,10217,10197.0
1639241,238670,2018-01-17,10261,10246.0
1639242,238670,2018-01-18,10227,10227.0
1639243,238670,2018-01-19,10251,10222.0
1639244,238670,2018-01-22,10276,10217.0
1639245,238670,2018-01-23,10286,10217.0
1639246,238670,2018-01-24,10291,10261.0
1639247,238670,2018-01-25,10291,10227.0
1639248,238670,2018-01-26,10306,10251.0
1639249,238670,2018-01-29,10336,10276.0
1639250,238670,2018-01-30,10286,10286.0
1639251,238670,2018-01-31,10266,10291.0
1639252,238670,2018-02-01,10276,10291.0
1639253,238670,2018-02-02,10246,10306.0
1639254,238670,2018-02-05,10177,10336.0
1639255,238670,2018-02-06,10152,10286.0
1639256,238670,2018-02-07,10088,10266.0
1639257,238670,2018-02-08,10088,10276.0
1639258,238670,2018-02-09,10063,10246.0
1639259,238670,2018-02-12,10039,10177.0
1639260,238670,2018-02-13,10034,10152.0
1639261,238670,2018-02-14,10068,10088.0
1639262,238670,2018-02-19,10108,10088.0
1639263,238670,2018-02-20,10058,10063.0
1639264,238670,2018-02-21,10073,10039.0
1639265,238670,2018-02-22,10058,10034.0
1639266,238670,2018-02-23,10128,10068.0
1639267,238670,2018-02-26,10133,10108.0
1639268,238670,2018-02-27,10108,10058.0
1639269,238670,2018-02-28,10088,10073.0
1639270,238670,2018-03-02,10034,10058.0
1639271,238670,2018-03-05,9989,10128.0
1639272,238670,2018-03-06,10009,10133.0
1639273,238670,2018-03-07,10014,10108.0
1639274,238670,2018-03-08,10009,10088.0
1639275,238670,2018-03-09,10073,10034.0
1639276,238670,2018-03-12,10123,9989.0
1639277,238670,2018-03-13,10083,10009.0
1639278,238670,2018-03-14,10103,10014.0
1639279,238670,2018-03-15,10123,10009.0
1639280,238670,2018-03-16,10108,10073.0
1639281,238670,2018-03-19,10118,10123.0
1639282,238670,2018-03-20,10113,10083.0
1639283,238670,2018-03-21,10113,10103.0
1639284,238670,2018-03-22,10113,10123.0
1639285,238670,2018-03-23,10034,10108.0
1639286,238670,2018-03-26,10088,10118.0
1639287,238670,2018-03-27,10118,10113.0
1639288,238670,2018-03-28,10098,10113.0
1639289,238670,2018-03-29,10103,10113.0
1639290,238670,2018-03-30,10143,10034.0
1639291,238670,2018-04-02,10148,10088.0
1639292,238670,2018-04-03,10157,10118.0
1639293,238670,2018-04-04,10103,10098.0
1639294,238670,2018-04-05,10118,10103.0
1639295,238670,2018-04-06,10138,10143.0
1639296,238670,2018-04-09,10148,10148.0
1639297,238670,2018-04-10,10148,10157.0
1639298,238670,2018-04-11,10118,10103.0
1639299,238670,2018-04-12,10133,10118.0
1639300,238670,2018-04-13,10128,10138.0
1639301,238670,2018-04-16,10093,10148.0
1639302,238670,2018-04-17,10128,10148.0
1639303,238670,2018-04-18,10143,10118.0
1639304,238670,2018-04-19,10123,10133.0
1639305,238670,2018-04-20,10152,10128.0
1639306,238670,2018-04-23,10123,10093.0
1639307,238670,2018-04-24,10152,10128.0
1639308,238670,2018-04-25,10108,10143.0
1639309,238670,2018-04-26,10148,10123.0
1639310,238670,2018-04-27,10160,10152.0
1639311,238670,2018-04-30,10240,10123.0
1639312,238670,2018-05-02,10255,10152.0
1639313,238670,2018-05-03,10210,10108.0
1639314,238670,2018-05-04,10200,10148.0
1639315,238670,2018-05-08,10140,10160.0
1639316,238670,2018-05-09,10175,10240.0
1639317,238670,2018-05-10,10180,10255.0
1639318,238670,2018-05-11,10215,10210.0
1639319,238670,2018-05-14,10260,10200.0
1639320,238670,2018-05-15,10235,10140.0
1639321,238670,2018-05-16,10230,10175.0
1639322,238670,2018-05-17,10205,10180.0
1639323,238670,2018-05-18,10250,10215.0
1639324,238670,2018-05-21,10225,10260.0
1639325,238670,2018-05-23,10225,10235.0
1639326,238670,2018-05-24,10215,10230.0
1639327,238670,2018-05-25,10165,10205.0
1639328,238670,2018-05-28,10225,10250.0
1639329,238670,2018-05-29,10195,10225.0
1639330,238670,2018-05-30,10145,10225.0
1639331,238670,2018-05-31,10170,10215.0
1639332,238670,2018-06-01,10170,10165.0
1639333,238670,2018-06-04,10205,10225.0
1639334,238670,2018-06-05,10225,10195.0
1639335,238670,2018-06-07,10225,10145.0
1639336,238670,2018-06-08,10250,10170.0
1639337,238670,2018-06-11,10275,10170.0
1639338,238670,2018-06-12,10280,10205.0
1639339,238670,2018-06-14,10260,10225.0
1639340,238670,2018-06-15,10195,10225.0
1639341,238670,2018-06-18,10165,10250.0
1639342,238670,2018-06-19,10145,10275.0
1639343,238670,2018-06-20,10160,10280.0
1639344,238670,2018-06-21,10105,10260.0
1639345,238670,2018-06-22,10145,10195.0
1639346,238670,2018-06-25,10145,10165.0
1639347,238670,2018-06-26,10130,10145.0
1639348,238670,2018-06-27,10105,10160.0
1639349,238670,2018-06-28,10080,10105.0
1639350,238670,2018-06-29,10115,10145.0
1639351,238670,2018-07-02,10015,10145.0
1639352,238670,2018-07-03,9995,10130.0
1639353,238670,2018-07-04,10000,10105.0
1639354,238670,2018-07-05,10000,10080.0
1639355,238670,2018-07-06,10045,10115.0
1639356,238670,2018-07-09,10015,10015.0
1639357,238670,2018-07-10,10035,9995.0
1639358,238670,2018-07-11,10030,10000.0
1639359,238670,2018-07-12,10040,10000.0
1639360,238670,2018-07-13,10070,10045.0
1639361,238670,2018-07-16,10070,10015.0
1639362,238670,2018-07-17,10065,10035.0
1639363,238670,2018-07-18,10055,10030.0
1639364,238670,2018-07-19,10035,10040.0
1639365,238670,2018-07-20,10050,10070.0
1639366,238670,2018-07-23,10040,10070.0
1639367,238670,2018-07-24,10070,10065.0
1639368,238670,2018-07-25,10075,10055.0
1639369,238670,2018-07-26,10100,10035.0
1639370,238670,2018-07-27,10090,10050.0
1639371,238670,2018-07-30,10090,10040.0
1639372,238670,2018-07-31,10115,10070.0
1639373,238670,2018-08-01,10125,10075.0
1639374,238670,2018-08-02,10065,10100.0
1639375,238670,2018-08-03,10105,10090.0
1639376,238670,2018-08-06,10090,10090.0
1639377,238670,2018-08-07,10100,10115.0
1639378,238670,2018-08-08,10080,10125.0
1639379,238670,2018-08-09,10090,10065.0
1639380,238670,2018-08-10,10105,10105.0
1639381,238670,2018-08-13,10070,10090.0
1639382,238670,2018-08-14,10090,10100.0
1639383,238670,2018-08-16,10085,10080.0
1639384,238670,2018-08-17,10100,10090.0
1639385,238670,2018-08-20,10090,10105.0
1639386,238670,2018-08-21,10120,10070.0
1639387,238670,2018-08-22,10090,10090.0
1639388,238670,2018-08-23,10100,10085.0
1639389,238670,2018-08-24,10140,10100.0
1639390,238670,2018-08-27,10150,10090.0
1639391,238670,2018-08-28,10160,10120.0
1639392,238670,2018-08-29,10160,10090.0
1639393,238670,2018-08-30,10115,10100.0
1639394,238670,2018-08-31,10155,10140.0
1639395,238670,2018-09-03,10125,10150.0
1639396,238670,2018-09-04,10130,10160.0
1639397,238670,2018-09-05,10110,10160.0
1639398,238670,2018-09-06,10115,10115.0
1639399,238670,2018-09-07,10130,10155.0
1639400,238670,2018-09-10,10130,10125.0
1639401,238670,2018-09-11,10125,10130.0
1639402,238670,2018-09-12,10135,10110.0
1639403,238670,2018-09-13,10145,10115.0
1639404,238670,2018-09-14,10160,10130.0
1639405,238670,2018-09-17,10135,10130.0
1639406,238670,2018-09-18,10115,10125.0
1639407,238670,2018-09-19,10095,10135.0
1639408,238670,2018-09-20,10075,10145.0
1639409,238670,2018-09-21,10085,10160.0
1639410,238670,2018-09-27,10115,10135.0
1639411,238670,2018-09-28,10160,10115.0
1639412,238670,2018-10-01,10140,10095.0
1639413,238670,2018-10-02,10125,10075.0
1639414,238670,2018-10-04,10070,10085.0
1639415,238670,2018-10-05,10065,10115.0
1639416,238670,2018-10-08,10000,10160.0
1639417,238670,2018-10-10,9955,10140.0
1639418,238670,2018-10-11,9855,10125.0
1639419,238670,2018-10-12,9875,10070.0
1639420,238670,2018-10-15,9870,10065.0
1639421,238670,2018-10-16,9895,10000.0
1639422,238670,2018-10-17,9945,9955.0
1639423,238670,2018-10-18,9900,9855.0
1639424,238670,2018-10-19,9915,9875.0
1639425,238670,2018-10-22,9925,9870.0
1639426,238670,2018-10-23,9865,9895.0
1639427,238670,2018-10-24,9850,9945.0
1639428,238670,2018-10-25,9810,9900.0
1639429,238670,2018-10-26,9770,9915.0
1639430,238670,2018-10-29,9715,9925.0
1639431,238670,2018-10-30,9735,9865.0
1639432,238670,2018-10-31,9790,9850.0
1639433,238670,2018-11-01,9765,9810.0
1639434,238670,2018-11-02,9855,9770.0
1639435,238670,2018-11-05,9790,9715.0
1639436,238670,2018-11-06,9830,9735.0
1639437,238670,2018-11-07,9775,9790.0
1639438,238670,2018-11-08,9820,9765.0
1639439,238670,2018-11-09,9825,9855.0
1639440,238670,2018-11-12,9820,9790.0
1639441,238670,2018-11-13,9815,9830.0
1639442,238670,2018-11-14,9815,9775.0
1639443,238670,2018-11-15,9860,9820.0
1639444,238670,2018-11-16,9870,9825.0
1639445,238670,2018-11-19,9895,9820.0
1639446,238670,2018-11-20,9880,9815.0
1639447,238670,2018-11-21,9895,9815.0
1639448,238670,2018-11-22,9880,9860.0
1639449,238670,2018-11-23,9885,9870.0
1639450,238670,2018-11-26,9925,9895.0
1639451,238670,2018-11-27,9950,9880.0
1639452,238670,2018-11-28,9970,9895.0
1639453,238670,2018-11-29,9975,9880.0
1639454,238670,2018-11-30,10005,9885.0
1639455,238670,2018-12-03,10000,9925.0
1639456,238670,2018-12-04,9980,9950.0
1639457,238670,2018-12-05,9990,9970.0
1639458,238670,2018-12-06,9955,9975.0
1639459,238670,2018-12-07,9960,10005.0
1639460,238670,2018-12-10,9945,10000.0
1639461,238670,2018-12-11,9950,9980.0
1639462,238670,2018-12-12,10000,9990.0
1639463,238670,2018-12-13,10010,9955.0
1639464,238670,2018-12-14,9990,9960.0
1639465,238670,2018-12-17,10030,9945.0
1639466,238670,2018-12-18,10010,9950.0
1639467,238670,2018-12-19,10025,10000.0
1639468,238670,2018-12-20,10015,10010.0
1639469,238670,2018-12-21,9990,9990.0
1639470,238670,2018-12-24,9985,10030.0
1639471,238670,2018-12-26,9930,10010.0
1639472,238670,2018-12-27,9980,10025.0
1639473,238670,2018-12-28,10020,10015.0
1639474,238670,2019-01-02,9955,9990.0
1639475,238670,2019-01-03,9940,9985.0
1639476,238670,2019-01-04,10000,9930.0
1639477,238670,2019-01-07,10005,9980.0
1639478,238670,2019-01-08,10015,10020.0
1639479,238670,2019-01-09,10080,9955.0
1639480,238670,2019-01-10,10055,9940.0
1639481,238670,2019-01-11,10080,10000.0
1639482,238670,2019-01-14,10095,10005.0
1639483,238670,2019-01-15,10120,10015.0
1639484,238670,2019-01-16,10105,10080.0
1639485,238670,2019-01-17,10130,10055.0
1639486,238670,2019-01-18,10145,10080.0
1639487,238670,2019-01-21,10150,10095.0
1639488,238670,2019-01-22,10135,10120.0
1639489,238670,2019-01-23,10165,10105.0
1639490,238670,2019-01-24,10165,10130.0
1639491,238670,2019-01-25,10200,10145.0
1639492,238670,2019-01-28,10205,10150.0
1639493,238670,2019-01-29,10180,10135.0
1639494,238670,2019-01-30,10205,10165.0
1639495,238670,2019-01-31,10225,10165.0
1639496,238670,2019-02-01,10215,10200.0
1639497,238670,2019-02-07,10210,10205.0
1639498,238670,2019-02-08,10210,10180.0
1639499,238670,2019-02-11,10200,10205.0
1639500,238670,2019-02-12,10175,10225.0
1639501,238670,2019-02-13,10190,10215.0
1639502,238670,2019-02-14,10235,10210.0
1639503,238670,2019-02-15,10225,10210.0
1639504,238670,2019-02-18,10255,10200.0
1639505,238670,2019-02-19,10225,10175.0
1639506,238670,2019-02-20,10260,10190.0
1639507,238670,2019-02-21,10245,10235.0
1639508,238670,2019-02-22,10260,10225.0
1639509,238670,2019-02-25,10290,10255.0
1639510,238670,2019-02-26,10265,10225.0
1639511,238670,2019-02-27,10310,10260.0
1639512,238670,2019-02-28,10265,10245.0
1639513,238670,2019-03-04,10260,10260.0
1639514,238670,2019-03-05,10240,10290.0
1639515,238670,2019-03-06,10245,10265.0
1639516,238670,2019-03-07,10215,10310.0
1639517,238670,2019-03-08,10185,10265.0
1639518,238670,2019-03-11,10190,10260.0
1639519,238670,2019-03-12,10190,10240.0
1639520,238670,2019-03-13,10220,10245.0
1639521,238670,2019-03-14,10235,10215.0
1639522,238670,2019-03-15,10245,10185.0
1639523,238670,2019-03-18,10280,10190.0
1639524,238670,2019-03-19,10270,10190.0
1639525,238670,2019-03-20,10260,10220.0
1639526,238670,2019-03-21,10235,10235.0
1639527,238670,2019-03-22,10230,10245.0
1639528,238670,2019-03-25,10210,10280.0
1639529,238670,2019-03-26,10210,10270.0
1639530,238670,2019-03-27,10235,10260.0
1639531,238670,2019-03-28,10245,10235.0
1639532,238670,2019-03-29,10280,10230.0
1639533,238670,2019-04-01,10300,10210.0
1639534,238670,2019-04-02,10265,10210.0
1639535,238670,2019-04-03,10320,10235.0
1639536,238670,2019-04-04,10330,10245.0
1639537,238670,2019-04-05,10315,10280.0
1639538,238670,2019-04-08,10340,10300.0
1639539,238670,2019-04-09,10350,10265.0
1639540,238670,2019-04-10,10375,10320.0
1639541,238670,2019-04-11,10350,10330.0
1639542,238670,2019-04-12,10355,10315.0
1639543,238670,2019-04-15,10370,10340.0
1639544,238670,2019-04-16,10355,10350.0
1639545,238670,2019-04-17,10365,10375.0
1639546,238670,2019-04-18,10350,10350.0
1639547,238670,2019-04-19,10320,10355.0
1639548,238670,2019-04-22,10330,10370.0
1639549,238670,2019-04-23,10340,10355.0
1639550,238670,2019-04-24,10280,10365.0
1639551,238670,2019-04-25,10305,10350.0
1639552,238670,2019-04-26,10290,10320.0
1639553,238670,2019-04-29,10275,10330.0
1639554,238670,2019-04-30,10295,10340.0
1639555,238670,2019-05-02,10310,10280.0
1639556,238670,2019-05-03,10255,10305.0
1639557,238670,2019-05-07,10240,10290.0
1639558,238670,2019-05-08,10255,10275.0
1639559,238670,2019-05-09,10150,10295.0
1639560,238670,2019-05-10,10170,10310.0
1639561,238670,2019-05-13,10135,10255.0
1639562,238670,2019-05-14,10135,10240.0
1639563,238670,2019-05-15,10150,10255.0
1639564,238670,2019-05-16,10125,10150.0
1639565,238670,2019-05-17,10090,10170.0
1639566,238670,2019-05-20,10110,10135.0
1639567,238670,2019-05-21,10115,10135.0
1639568,238670,2019-05-22,10095,10150.0
1639569,238670,2019-05-23,10075,10125.0
1639570,238670,2019-05-24,10065,10090.0
1639571,238670,2019-05-27,10110,10110.0
1639572,238670,2019-05-28,10130,10115.0
1639573,238670,2019-05-29,10090,10095.0
1639574,238670,2019-05-30,10085,10075.0
1639575,238670,2019-05-31,10090,10065.0
1639576,238670,2019-06-03,10130,10110.0
1639577,238670,2019-06-04,10125,10130.0
1639578,238670,2019-06-05,10115,10090.0
1639579,238670,2019-06-07,10130,10085.0
1639580,238670,2019-06-10,10155,10090.0
1639581,238670,2019-06-11,10205,10130.0
1639582,238670,2019-06-12,10205,10125.0
1639583,238670,2019-06-13,10190,10115.0
1639584,238670,2019-06-14,10190,10130.0
1639585,238670,2019-06-17,10185,10155.0
1639586,238670,2019-06-18,10190,10205.0
1639587,238670,2019-06-19,10210,10205.0
1639588,238670,2019-06-20,10210,10190.0
1639589,238670,2019-06-21,10215,10190.0
1639590,238670,2019-06-24,10210,10185.0
1639591,238670,2019-06-25,10195,10190.0
1639592,238670,2019-06-26,10165,10210.0
1639593,238670,2019-06-27,10205,10210.0
1639594,238670,2019-06-28,10195,10215.0
1639595,238670,2019-07-01,10190,10210.0
1639596,238670,2019-07-02,10170,10195.0
1639597,238670,2019-07-03,10165,10165.0
1639598,238670,2019-07-04,10200,10205.0
1639599,238670,2019-07-05,10220,10195.0
1639600,238670,2019-07-08,10160,10190.0
1639601,238670,2019-07-09,10130,10170.0
1639602,238670,2019-07-10,10100,10165.0
1639603,238670,2019-07-11,10155,10200.0
1639604,238670,2019-07-12,10155,10220.0
1639605,238670,2019-07-15,10150,10160.0
1639606,238670,2019-07-16,10130,10130.0
1639607,238670,2019-07-17,10140,10100.0
1639608,238670,2019-07-18,10125,10155.0
1639609,238670,2019-07-19,10200,10155.0
1639610,238670,2019-07-22,10190,10150.0
1639611,238670,2019-07-23,10195,10130.0
1639612,238670,2019-07-24,10185,10140.0
1639613,238670,2019-07-25,10150,10125.0
1639614,238670,2019-07-26,10165,10200.0
1639615,238670,2019-07-29,10120,10190.0
1639616,238670,2019-07-30,10115,10195.0
1639617,238670,2019-07-31,10145,10185.0
1639618,238670,2019-08-01,10100,10150.0
1639619,238670,2019-08-02,10100,10165.0
1639620,238670,2019-08-05,10060,10120.0
1639621,238670,2019-08-06,10005,10115.0
1639622,238670,2019-08-07,9990,10145.0
1639623,238670,2019-08-08,10010,10100.0
1639624,238670,2019-08-09,10045,10100.0
1639625,238670,2019-08-12,10040,10060.0
1639626,238670,2019-08-13,10015,10005.0
1639627,238670,2019-08-14,10020,9990.0
1639628,238670,2019-08-16,10015,10010.0
1639629,238670,2019-08-19,10045,10045.0
1639630,238670,2019-08-20,10065,10040.0
1639631,238670,2019-08-21,10055,10015.0
1639632,238670,2019-08-22,10010,10020.0
1639633,238670,2019-08-23,10010,10015.0
1639634,238670,2019-08-26,9965,10045.0
1639635,238670,2019-08-27,9955,10065.0
1639636,238670,2019-08-28,9960,10055.0
1639637,238670,2019-08-29,9990,10010.0
1639638,238670,2019-08-30,10030,10010.0
1639639,238670,2019-09-02,10025,9965.0
1639640,238670,2019-09-03,10035,9955.0
1639641,238670,2019-09-04,10030,9960.0
1639642,238670,2019-09-05,10060,9990.0
1639643,238670,2019-09-06,10045,10030.0
1639644,238670,2019-09-09,10025,10025.0
1639645,238670,2019-09-10,10070,10035.0
1639646,238670,2019-09-11,10100,10030.0
1639647,238670,2019-09-16,10080,10060.0
1639648,238670,2019-09-17,10105,10045.0
1639649,238670,2019-09-18,10110,10025.0
1639650,238670,2019-09-19,10075,10070.0
1639651,238670,2019-09-20,10110,10100.0
1639652,238670,2019-09-23,10125,10080.0
1639653,238670,2019-09-24,10140,10105.0
1639654,238670,2019-09-25,10095,10110.0
1639655,238670,2019-09-26,10115,10075.0
1639656,238670,2019-09-27,10090,10110.0
1639657,238670,2019-09-30,10120,10125.0
1639658,238670,2019-10-01,10135,10140.0
1639659,238670,2019-10-02,10085,10095.0
1639660,238670,2019-10-04,10070,10115.0
1639661,238670,2019-10-07,10050,10090.0
1639662,238670,2019-10-08,10070,10120.0
1639663,238670,2019-10-10,10050,10135.0
1639664,238670,2019-10-11,10060,10085.0
1639665,238670,2019-10-14,10065,10070.0
1639666,238670,2019-10-15,10085,10050.0
1639667,238670,2019-10-16,10105,10070.0
1639668,238670,2019-10-17,10065,10050.0
1639669,238670,2019-10-18,10075,10060.0
1639670,238670,2019-10-21,10065,10065.0
1639671,238670,2019-10-22,10100,10085.0
1639672,238670,2019-10-23,10035,10105.0
1639673,238670,2019-10-24,10075,10065.0
1639674,238670,2019-10-25,10070,10075.0
1639675,238670,2019-10-28,10070,10065.0
1639676,238670,2019-10-29,10050,10100.0
1639677,238670,2019-10-30,10055,10035.0
1639678,238670,2019-10-31,10060,10075.0
1639679,238670,2019-11-01,10075,10070.0
1639680,238670,2019-11-04,10070,10070.0
1639681,238670,2019-11-05,10120,10050.0
1639682,238670,2019-11-06,10110,10055.0
1639683,238670,2019-11-07,10125,10060.0
1639684,238670,2019-11-08,10130,10075.0
1639685,238670,2019-11-11,10105,10070.0
1639686,238670,2019-11-12,10120,10120.0
1639687,238670,2019-11-13,10095,10110.0
1639688,238670,2019-11-14,10095,10125.0
1639689,238670,2019-11-15,10150,10130.0
1639690,238670,2019-11-18,10120,10105.0
1639691,238670,2019-11-19,10125,10120.0
1639692,238670,2019-11-20,10080,10095.0
1639693,238670,2019-11-21,10050,10095.0
1639694,238670,2019-11-22,10075,10150.0
1639695,238670,2019-11-25,10095,10120.0
1639696,238670,2019-11-26,10120,10125.0
1639697,238670,2019-11-27,10125,10080.0
1639698,238670,2019-11-28,10090,10050.0
1639699,238670,2019-11-29,10090,10075.0
1639700,238670,2019-12-02,10070,10095.0
1639701,238670,2019-12-03,10080,10120.0
1639702,238670,2019-12-04,10070,10125.0
1639703,238670,2019-12-05,10040,10090.0
1639704,238670,2019-12-06,10085,10090.0
1639705,238670,2019-12-09,10055,10070.0
1639706,238670,2019-12-10,10100,10080.0
1639707,238670,2019-12-11,10110,10070.0
1639708,238670,2019-12-12,10125,10040.0
1639709,238670,2019-12-13,10165,10085.0
1639710,238670,2019-12-16,10150,10055.0
1639711,238670,2019-12-17,10180,10100.0
1639712,238670,2019-12-18,10175,10110.0
1639713,238670,2019-12-19,10160,10125.0
1639714,238670,2019-12-20,10195,10165.0
1639715,238670,2019-12-23,10175,10150.0
1639716,238670,2019-12-24,10190,10180.0
1639717,238670,2019-12-26,10200,10175.0
1639718,238670,2019-12-27,10240,10160.0
1639719,238670,2019-12-30,10250,10195.0
